nome,endereco,telefone,whatsapp,instagram,email,categoria,subnicho,tem_site,url_site,avaliacao,num_avaliacoes,cidade,bairro,link_maps,place_id
Vip Celular,"R. Marechal Bento Manoel, 63 - 25 de - Agosto, Duque de Caxias - RJ, 25075-270",Rotas,,https://www.instagram.com/reoboth_smart?igsh=eThyZTUzdHZmbHYz,,Assistência técnica de celular,Assistência técnica de celular,False,,5.0,,"Nova Iguaçu, RJ",Agosto,"https://www.google.com/maps/place/Vip+Celular/@-22.7676511,-43.3831172,12z/data=!4m10!1m2!2m1!1sassistencia+tecnica+de+celular+em+Nova+Igua%C3%A7u,+RJ!3m6!1s0x997aed8ba0630d:0x6a8f66c444b3c29b!8m2!3d-22.7902401!4d-43.2986644!15sCjJhc3Npc3RlbmNpYSB0ZWNuaWNhIGRlIGNlbHVsYXIgZW0gTm92YSBJZ3Vhw6d1LCBSSlozIjFhc3Npc3RlbmNpYSB0ZWNuaWNhIGRlIGNlbHVsYXIgZW0gbm92YSBpZ3Vhw6d1IHJqkgEUcGhvbmVfcmVwYWlyX3NlcnZpY2WaASRDaGREU1VoTk1HOW5TMFZKUTBGblNVTXpjblpNWDNaQlJSQULgAQD6AQQIABBF!16s%2Fg%2F11c32949qz?entry=ttu&g_ep=EgoyMDI2MDYyMy4wIKXMDSoASAFQAw%3D%3D",0x997aed8ba0630d:0x6a8f66c444b3c29b
Fleckcell,"R. Gen. Dionísio, 775 - Jardim Vinte e Cinco de Agosto, Duque de Caxias - RJ, 25075-060",Rotas,,https://www.instagram.com/reoboth_smart?igsh=eThyZTUzdHZmbHYz,,Assistência técnica de celular,Assistência técnica de celular,False,,5.0,,"Nova Iguaçu, RJ",Jardim Vinte e Cinco de Agosto,"https://www.google.com/maps/place/Fleckcell/@-22.7676511,-43.3831172,12z/data=!4m10!1m2!2m1!1sassistencia+tecnica+de+celular+em+Nova+Igua%C3%A7u,+RJ!3m6!1s0x997b596200923d:0xf81d13e30f07bf71!8m2!3d-22.7955328!4d-43.3033916!15sCjJhc3Npc3RlbmNpYSB0ZWNuaWNhIGRlIGNlbHVsYXIgZW0gTm92YSBJZ3Vhw6d1LCBSSlozIjFhc3Npc3RlbmNpYSB0ZWNuaWNhIGRlIGNlbHVsYXIgZW0gbm92YSBpZ3Vhw6d1IHJqkgERZWxlY3Ryb25pY3Nfc3RvcmWaAURDaTlEUVVsUlFVTnZaRU5vZEhsalJqbHZUMjVrVkZOR2JGRmpiVW8wVVRKR01HRklWbVpYYTJSMlRGZEdNbUpXUlJBQuABAPoBBAgAECM!16s%2Fg%2F11fpcn2kdk?entry=ttu&g_ep=EgoyMDI2MDYyMy4wIKXMDSoASAFQAw%3D%3D",0x997b596200923d:0xf81d13e30f07bf71
Gr Farias Tech - Assistência Técnica de Celular,"R. Onézio Soares da Silva - Centro, Duque de Caxias - RJ, 25075-130",Rotas,,https://www.instagram.com/reoboth_smart?igsh=eThyZTUzdHZmbHYz,,Assistência técnica de celular,Assistência técnica de celular,False,,5.0,,"Nova Iguaçu, RJ",Centro,"https://www.google.com/maps/place/Gr+Farias+Tech+-+Assist%C3%AAncia+T%C3%A9cnica+de+Celular/@-22.7676511,-43.3831172,12z/data=!4m10!1m2!2m1!1sassistencia+tecnica+de+celular+em+Nova+Igua%C3%A7u,+RJ!3m6!1s0x997b6475172357:0xf9eed2556f4c0afb!8m2!3d-22.7896156!4d-43.3088865!15sCjJhc3Npc3RlbmNpYSB0ZWNuaWNhIGRlIGNlbHVsYXIgZW0gTm92YSBJZ3Vhw6d1LCBSSpIBF2NvbXB1dGVyX3JlcGFpcl9zZXJ2aWNl4AEA!16s%2Fg%2F11y9ptjf71?entry=ttu&g_ep=EgoyMDI2MDYyMy4wIKXMDSoASAFQAw%3D%3D",0x997b6475172357:0xf9eed2556f4c0afb
"iCaiu Nova Iguaçu: Assistência Apple, Conserto de iPhone, iPad, Apple Watch e Macbook","R. Dr. Thibau, 80 - Sala 302 - Centro, Nova Iguaçu - RJ, 26255-160",Rotas,,https://www.instagram.com/reoboth_smart?igsh=eThyZTUzdHZmbHYz,,Assistência técnica de celular,Assistência técnica de celular,True,https://www.icaiu.com.br/,5.0,,"Nova Iguaçu, RJ",Centro,"https://www.google.com/maps/place/iCaiu+Nova+Igua%C3%A7u:+Assist%C3%AAncia+Apple,+Conserto+de+iPhone,+iPad,+Apple+Watch+e+Macbook/@-22.7598471,-43.5983425,12z/data=!4m10!1m2!2m1!1sassistencia+tecnica+de+celular+em+Nova+Igua%C3%A7u,+RJ!3m6!1s0x99678ba11bde47:0xc73e6ed769392b60!8m2!3d-22.7598471!4d-43.4541469!15sCjJhc3Npc3RlbmNpYSB0ZWNuaWNhIGRlIGNlbHVsYXIgZW0gTm92YSBJZ3Vhw6d1LCBSSlozIjFhc3Npc3RlbmNpYSB0ZWNuaWNhIGRlIGNlbHVsYXIgZW0gbm92YSBpZ3Vhw6d1IHJqkgEUcGhvbmVfcmVwYWlyX3NlcnZpY2WaASRDaGREU1VoTk1HOW5TMFZKUTBGblRVTnZjMGxNTTNaM1JSQULgAQD6AQUIiwEQMg!16s%2Fg%2F11lll_0krs?entry=ttu&g_ep=EgoyMDI2MDYyMy4wIKXMDSoASAFQAw%3D%3D",0x99678ba11bde47:0xc73e6ed769392b60
MacroCell Assistência Técnica,"Tv. Almerinda Lucas de Azevedo, 121 - loja 25 - Centro, Nova Iguaçu - RJ, 26210-180",Rotas,,https://www.instagram.com/reoboth_smart?igsh=eThyZTUzdHZmbHYz,,Assistência técnica de celular,Assistência técnica de celular,True,http://bit.ly/MacrocellWhatsApp,4.7,,"Nova Iguaçu, RJ",Centro,"https://www.google.com/maps/place/MacroCell+Assist%C3%AAncia+T%C3%A9cnica/@-22.7598471,-43.5983425,12z/data=!4m10!1m2!2m1!1sassistencia+tecnica+de+celular+em+Nova+Igua%C3%A7u,+RJ!3m6!1s0x156190c4c389e7d:0x4ca3bdb9acf6bd47!8m2!3d-22.7579946!4d-43.4495638!15sCjJhc3Npc3RlbmNpYSB0ZWNuaWNhIGRlIGNlbHVsYXIgZW0gTm92YSBJZ3Vhw6d1LCBSSlozIjFhc3Npc3RlbmNpYSB0ZWNuaWNhIGRlIGNlbHVsYXIgZW0gbm92YSBpZ3Vhw6d1IHJqkgEUcGhvbmVfcmVwYWlyX3NlcnZpY2WaAURDaTlEUVVsUlFVTnZaRU5vZEhsalJqbHZUMjFrTTFaSVNqTmFSWGhRVVZkV2JFMXJVVFJVUlZveVV6QldOazV1WXhBQuABAPoBBQjaAhA5!16s%2Fg%2F11b7hh67ff?entry=ttu&g_ep=EgoyMDI2MDYyMy4wIKXMDSoASAFQAw%3D%3D",0x156190c4c389e7d:0x4ca3bdb9acf6bd47
Senhor Smart – Nova Iguaçu/RJ,"Edifício Comercial Vianense - R. Dr. Thibau, 80 - 2º Piso Loja 25 - Centro, Nova Iguaçu - RJ, 26255-160",Rotas,,https://www.instagram.com/reoboth_smart?igsh=eThyZTUzdHZmbHYz,,Assistência técnica de celular,Assistência técnica de celular,True,https://senhorsmart.com.br/novaiguacu/,5.0,,"Nova Iguaçu, RJ",Centro,"https://www.google.com/maps/place/Senhor+Smart+%E2%80%93+Nova+Igua%C3%A7u%2FRJ/@-22.7598471,-43.5983425,12z/data=!3m1!5s0x99670672329ce9:0x6f0c79735f2a9515!4m10!1m2!2m1!1sassistencia+tecnica+de+celular+em+Nova+Igua%C3%A7u,+RJ!3m6!1s0x996721bed8ac03:0xa2ea3df95eeefdff!8m2!3d-22.7598098!4d-43.4543196!15sCjJhc3Npc3RlbmNpYSB0ZWNuaWNhIGRlIGNlbHVsYXIgZW0gTm92YSBJZ3Vhw6d1LCBSSlozIjFhc3Npc3RlbmNpYSB0ZWNuaWNhIGRlIGNlbHVsYXIgZW0gbm92YSBpZ3Vhw6d1IHJqkgEYbW9iaWxlX3Bob25lX3JlcGFpcl9zaG9wmgEjQ2haRFNVaE5NRzluUzBWSlEwRm5TVVEzYkY5WVUyUkJFQUXgAQD6AQQIDRBJ!16s%2Fg%2F11sr0_nn_6?entry=ttu&g_ep=EgoyMDI2MDYyMy4wIKXMDSoASAFQAw%3D%3D",0x99670672329ce9:0x6f0c79735f2a9515
Samsung Smart Center Nova Iguaçu,"R. Dom Walmor, 172 - Centro, Nova Iguaçu - RJ, 26215-220",Rotas,,https://www.instagram.com/reoboth_smart?igsh=eThyZTUzdHZmbHYz,,Assistência técnica de celular,Assistência técnica de celular,True,https://smartcentersolucoes.com.br/oficial1/,4.6,,"Nova Iguaçu, RJ",Centro,"https://www.google.com/maps/place/Samsung+Smart+Center+Nova+Igua%C3%A7u/@-22.7598471,-43.5983425,12z/data=!4m10!1m2!2m1!1sassistencia+tecnica+de+celular+em+Nova+Igua%C3%A7u,+RJ!3m6!1s0x9967c49618e69b:0xa12f8ba5c9ba7af8!8m2!3d-22.7575332!4d-43.4525895!15sCjJhc3Npc3RlbmNpYSB0ZWNuaWNhIGRlIGNlbHVsYXIgZW0gTm92YSBJZ3Vhw6d1LCBSSlozIjFhc3Npc3RlbmNpYSB0ZWNuaWNhIGRlIGNlbHVsYXIgZW0gbm92YSBpZ3Vhw6d1IHJqkgEYbW9iaWxlX3Bob25lX3JlcGFpcl9zaG9wmgEjQ2haRFNVaE5NRzluUzBWSlEwRm5TVU5sZW1WbGQxRm5FQUXgAQD6AQQIABBJ!16s%2Fg%2F11jfrjhphm?entry=ttu&g_ep=EgoyMDI2MDYyMy4wIKXMDSoASAFQAw%3D%3D",0x9967c49618e69b:0xa12f8ba5c9ba7af8
RF iMaster | Assistência Técnica de Celular em Nova iguaçu,"Av. Gov. Roberto Silveira, 470 - Sala 418 - Centro, Nova Iguaçu - RJ, 26210-210",Rotas,,https://www.instagram.com/reoboth_smart?igsh=eThyZTUzdHZmbHYz,,Assistência técnica de celular,Assistência técnica de celular,True,https://imasterparts.netlify.app/,5.0,,"Nova Iguaçu, RJ",Centro,"https://www.google.com/maps/place/RF+iMaster+%7C+Assist%C3%AAncia+T%C3%A9cnica+de+Celular+em+Nova+igua%C3%A7u/@-22.7598471,-43.5983425,12z/data=!4m10!1m2!2m1!1sassistencia+tecnica+de+celular+em+Nova+Igua%C3%A7u,+RJ!3m6!1s0x99677f06de9613:0x886b74ebd7643124!8m2!3d-22.7543373!4d-43.4543803!15sCjJhc3Npc3RlbmNpYSB0ZWNuaWNhIGRlIGNlbHVsYXIgZW0gTm92YSBJZ3Vhw6d1LCBSSlozIjFhc3Npc3RlbmNpYSB0ZWNuaWNhIGRlIGNlbHVsYXIgZW0gbm92YSBpZ3Vhw6d1IHJqkgEYbW9iaWxlX3Bob25lX3JlcGFpcl9zaG9wmgFEQ2k5RFFVbFJRVU52WkVOb2RIbGpSamx2VDJwR1VGbHNSa1ZXVkZveFlVZHNNbU5yWkU1VU0wSjRWV3h2TlZwdVl4QULgAQD6AQQIABAl!16s%2Fg%2F11krm0myqk?entry=ttu&g_ep=EgoyMDI2MDYyMy4wIKXMDSoASAFQAw%3D%3D",0x99677f06de9613:0x886b74ebd7643124
MelkCell Atacado e Varejo,"Av. Nilo Peçanha, 53 - Centro, Nova Iguaçu - RJ, 26210-011",Rotas,,https://www.instagram.com/reoboth_smart?igsh=eThyZTUzdHZmbHYz,,Assistência técnica de celular,Assistência técnica de celular,True,http://www.melkcell.com.br/,5.0,,"Nova Iguaçu, RJ",Centro,"https://www.google.com/maps/place/MelkCell+Atacado+e+Varejo/@-22.7598471,-43.5983425,12z/data=!4m10!1m2!2m1!1sassistencia+tecnica+de+celular+em+Nova+Igua%C3%A7u,+RJ!3m6!1s0x9967bbb31056a7:0x71a23eef789812d8!8m2!3d-22.75981!4d-43.449905!15sCjJhc3Npc3RlbmNpYSB0ZWNuaWNhIGRlIGNlbHVsYXIgZW0gTm92YSBJZ3Vhw6d1LCBSSlozIjFhc3Npc3RlbmNpYSB0ZWNuaWNhIGRlIGNlbHVsYXIgZW0gbm92YSBpZ3Vhw6d1IHJqkgERZWxlY3Ryb25pY3Nfc3RvcmWaAURDaTlEUVVsUlFVTnZaRU5vZEhsalJqbHZUMnBrY1ZKNU1VdFNSR3hXVGxkck1WZFVaRWhXUkdoclVqSndSVnBHUlJBQuABAPoBBQiFARA_!16s%2Fg%2F11wm_6nr54?entry=ttu&g_ep=EgoyMDI2MDYyMy4wIKXMDSoASAFQAw%3D%3D",0x9967bbb31056a7:0x71a23eef789812d8
Suporte Smart Nova Iguaçu,"R. Oscar Soares, 792 - Centro, Nova Iguaçu - RJ, 26220-099",Rotas,,https://www.instagram.com/reoboth_smart?igsh=eThyZTUzdHZmbHYz,,Assistência técnica de celular,Assistência técnica de celular,True,https://suportesmart.com.br/franquia/nova-iguacu-rj,5.0,,"Nova Iguaçu, RJ",Centro,"https://www.google.com/maps/place/Suporte+Smart+Nova+Igua%C3%A7u/@-22.7598471,-43.5983425,12z/data=!4m10!1m2!2m1!1sassistencia+tecnica+de+celular+em+Nova+Igua%C3%A7u,+RJ!3m6!1s0x9967b316fd510d:0x712e27d308be20af!8m2!3d-22.7587499!4d-43.4340617!15sCjJhc3Npc3RlbmNpYSB0ZWNuaWNhIGRlIGNlbHVsYXIgZW0gTm92YSBJZ3Vhw6d1LCBSSlozIjFhc3Npc3RlbmNpYSB0ZWNuaWNhIGRlIGNlbHVsYXIgZW0gbm92YSBpZ3Vhw6d1IHJqkgEYbW9iaWxlX3Bob25lX3JlcGFpcl9zaG9wmgEkQ2hkRFNVaE5NRzluUzBWSlEwRm5TVVJDT1ZwMVRYbG5SUkFC4AEA-gEECAAQPw!16s%2Fg%2F11tjzz4kqd?entry=ttu&g_ep=EgoyMDI2MDYyMy4wIKXMDSoASAFQAw%3D%3D",0x9967b316fd510d:0x712e27d308be20af
Iguaçu Service Center,"R. Oscar Soares, 25 - Centro, Nova Iguaçu - RJ, 26220-099",Rotas,,https://www.instagram.com/reoboth_smart?igsh=eThyZTUzdHZmbHYz,,Assistência técnica de celular,Assistência técnica de celular,False,,3.6,3,"Nova Iguaçu, RJ",Centro,"https://www.google.com/maps/place/Igua%C3%A7u+Service+Center/@-22.7598471,-43.5983425,12z/data=!4m10!1m2!2m1!1sassistencia+tecnica+de+celular+em+Nova+Igua%C3%A7u,+RJ!3m6!1s0x996656065d7649:0x2391fdde63e10d9d!8m2!3d-22.7601938!4d-43.4400479!15sCjJhc3Npc3RlbmNpYSB0ZWNuaWNhIGRlIGNlbHVsYXIgZW0gTm92YSBJZ3Vhw6d1LCBSSlozIjFhc3Npc3RlbmNpYSB0ZWNuaWNhIGRlIGNlbHVsYXIgZW0gbm92YSBpZ3Vhw6d1IHJqkgEedmlkZW9fZXF1aXBtZW50X3JlcGFpcl9zZXJ2aWNlmgEjQ2haRFNVaE5NRzluUzBWSlEwRm5TVU5rYjBrM1prdG5FQUXgAQD6AQUIhQEQPA!16s%2Fg%2F11b7xq520v?entry=ttu&g_ep=EgoyMDI2MDYyMy4wIKXMDSoASAFQAw%3D%3D",0x996656065d7649:0x2391fdde63e10d9d
Curso de Conserto de Celular - Nova Iguaçu,"R. João Venâncio de Figueiredo, 1738 - Kennedy, Nova Iguaçu - RJ, 26020-001",Rotas,,https://www.instagram.com/reoboth_smart?igsh=eThyZTUzdHZmbHYz,,Assistência técnica de celular,Assistência técnica de celular,False,,5.0,,"Nova Iguaçu, RJ",Kennedy,"https://www.google.com/maps/place/Curso+de+Conserto+de+Celular+-+Nova+Igua%C3%A7u/@-22.7598471,-43.5983425,12z/data=!4m10!1m2!2m1!1sassistencia+tecnica+de+celular+em+Nova+Igua%C3%A7u,+RJ!3m6!1s0x99662d19015555:0x792b76e4767e72ce!8m2!3d-22.7288271!4d-43.4438262!15sCjJhc3Npc3RlbmNpYSB0ZWNuaWNhIGRlIGNlbHVsYXIgZW0gTm92YSBJZ3Vhw6d1LCBSSpIBGG1vYmlsZV9waG9uZV9yZXBhaXJfc2hvcOABAA!16s%2Fg%2F11ggsrl6qb?entry=ttu&g_ep=EgoyMDI2MDYyMy4wIKXMDSoASAFQAw%3D%3D",0x99662d19015555:0x792b76e4767e72ce
REOBOTH ASSISTÊNCIA TÉCNICA E ACESSÓRIOS,"R. Cel. Bernardino de Melo - Centro, Nova Iguaçu - RJ, 26255-140",Rotas,,https://www.instagram.com/reoboth_smart?igsh=eThyZTUzdHZmbHYz,,Assistência técnica de celular,Assistência técnica de celular,False,https://www.instagram.com/reoboth_smart?igsh=eThyZTUzdHZmbHYz,5.0,,"Nova Iguaçu, RJ",Centro,"https://www.google.com/maps/place/REOBOTH+ASSIST%C3%8ANCIA+T%C3%89CNICA+E+ACESS%C3%93RIOS/@-22.7598471,-43.5983425,12z/data=!4m10!1m2!2m1!1sassistencia+tecnica+de+celular+em+Nova+Igua%C3%A7u,+RJ!3m6!1s0x996788176f6f73:0xf7548c0e780b5c1f!8m2!3d-22.7598492!4d-43.4525396!15sCjJhc3Npc3RlbmNpYSB0ZWNuaWNhIGRlIGNlbHVsYXIgZW0gTm92YSBJZ3Vhw6d1LCBSSlozIjFhc3Npc3RlbmNpYSB0ZWNuaWNhIGRlIGNlbHVsYXIgZW0gbm92YSBpZ3Vhw6d1IHJqkgEYbW9iaWxlX3Bob25lX3JlcGFpcl9zaG9wmgFEQ2k5RFFVbFJRVU52WkVOb2RIbGpSamx2VDI1b1RsWklhM3BTUmtwelRsWmtNRTVzUlRKTVZFNHhXVlp3Yms5SFl4QULgAQD6AQQILxAP!16s%2Fg%2F11ldsx1k3l?entry=ttu&g_ep=EgoyMDI2MDYyMy4wIKXMDSoASAFQAw%3D%3D",0x996788176f6f73:0xf7548c0e780b5c1f
"iResolve - Assistência Técnica Especializada Apple - Conserto de Iphone, Ipad e Apple Watch.","R. Divisa, 419 - Sala 2 - Santa Eugenia, Nova Iguaçu - RJ, 26286-240",Rotas,https://api.whatsapp.com/send/?phone=5521976502029&type=phone_number&app_absent=0,https://www.instagram.com/reoboth_smart?igsh=eThyZTUzdHZmbHYz,,Assistência técnica de celular,Assistência técnica de celular,True,http://sites.google.com/view/iresolvebr/in%25C3%25ADcio,5.0,,"Nova Iguaçu, RJ",Santa Eugenia,"https://www.google.com/maps/place/iResolve+-+Assist%C3%AAncia+T%C3%A9cnica+Especializada+Apple+-+Conserto+de+Iphone,+Ipad+e+Apple+Watch./@-22.7598471,-43.5983425,12z/data=!4m10!1m2!2m1!1sassistencia+tecnica+de+celular+em+Nova+Igua%C3%A7u,+RJ!3m6!1s0x996710de35d89d:0xfae4b3b854cca5a5!8m2!3d-22.7477085!4d-43.4711354!15sCjJhc3Npc3RlbmNpYSB0ZWNuaWNhIGRlIGNlbHVsYXIgZW0gTm92YSBJZ3Vhw6d1LCBSSlozIjFhc3Npc3RlbmNpYSB0ZWNuaWNhIGRlIGNlbHVsYXIgZW0gbm92YSBpZ3Vhw6d1IHJqkgEUcGhvbmVfcmVwYWlyX3NlcnZpY2WaASNDaFpEU1VoTk1HOW5TMFZKUTBGblNVTm1hM1JMYmxwM0VBReABAPoBBAhnEDs!16s%2Fg%2F11pt_xkzbl?entry=ttu&g_ep=EgoyMDI2MDYyMy4wIKXMDSoASAFQAw%3D%3D",0x996710de35d89d:0xfae4b3b854cca5a5
Nave acessorios Nova iguaçu,"R. Otávio Tarquino, 220 - Centro, Nova Iguaçu - RJ, 26210-172",Rotas,,https://www.instagram.com/reoboth_smart?igsh=eThyZTUzdHZmbHYz,,Assistência técnica de celular,Assistência técnica de celular,False,https://www.instagram.com/acessoriosnave,4.9,,"Nova Iguaçu, RJ",Centro,"https://www.google.com/maps/place/Nave+acessorios+Nova+igua%C3%A7u/@-22.7598471,-43.5983425,12z/data=!4m10!1m2!2m1!1sassistencia+tecnica+de+celular+em+Nova+Igua%C3%A7u,+RJ!3m6!1s0x99676c78939b8d:0xe032f76f361a53c8!8m2!3d-22.7582333!4d-43.4498062!15sCjJhc3Npc3RlbmNpYSB0ZWNuaWNhIGRlIGNlbHVsYXIgZW0gTm92YSBJZ3Vhw6d1LCBSSlozIjFhc3Npc3RlbmNpYSB0ZWNuaWNhIGRlIGNlbHVsYXIgZW0gbm92YSBpZ3Vhw6d1IHJqkgEaY29tcHV0ZXJfYWNjZXNzb3JpZXNfc3RvcmWaAURDaTlEUVVsUlFVTnZaRU5vZEhsalJqbHZUMjVhVVZGWFZrOWxXR1JEVFVSRmVsZ3dXa0pqYkVweVZEQm9ZVTVXUlJBQuABAPoBBQi4ARAX!16s%2Fg%2F11s78glx1t?entry=ttu&g_ep=EgoyMDI2MDYyMy4wIKXMDSoASAFQAw%3D%3D",0x99676c78939b8d:0xe032f76f361a53c8
Universo do Celular Posse | Conserto de celular | Posse - Nova Iguaçu,"R. João Venâncio de Figueiredo, 886 - Posse, Nova Iguaçu - RJ, 26020-000",Rotas,,https://www.instagram.com/reoboth_smart?igsh=eThyZTUzdHZmbHYz,,Assistência técnica de celular,Assistência técnica de celular,False,,5.0,,"Nova Iguaçu, RJ",Posse,"https://www.google.com/maps/place/Universo+do+Celular+Posse+%7C+Conserto+de+celular+%7C+Posse+-+Nova+Igua%C3%A7u/@-22.7598471,-43.5983425,12z/data=!4m10!1m2!2m1!1sassistencia+tecnica+de+celular+em+Nova+Igua%C3%A7u,+RJ!3m6!1s0x9967604c25518d:0x134ab4225371ef87!8m2!3d-22.7317551!4d-43.4519098!15sCjJhc3Npc3RlbmNpYSB0ZWNuaWNhIGRlIGNlbHVsYXIgZW0gTm92YSBJZ3Vhw6d1LCBSSlozIjFhc3Npc3RlbmNpYSB0ZWNuaWNhIGRlIGNlbHVsYXIgZW0gbm92YSBpZ3Vhw6d1IHJqkgEQY2VsbF9waG9uZV9zdG9yZZoBJENoZERTVWhOTUc5blMwVkpRMEZuU1VSUWJTMVlPREozUlJBQuABAPoBBAgAECI!16s%2Fg%2F11t5n_fw93?entry=ttu&g_ep=EgoyMDI2MDYyMy4wIKXMDSoASAFQAw%3D%3D",0x9967604c25518d:0x134ab4225371ef87
Conserto e Venda de Celular - TS ACESSÓRIOS,"Av. Gov. Roberto Silveira, 447 - STAND 35 - Centro, Nova Iguaçu - RJ, 26210-220",Rotas,,https://www.instagram.com/reoboth_smart?igsh=eThyZTUzdHZmbHYz,,Assistência técnica de celular,Assistência técnica de celular,False,https://www.instagram.com/ts_acessorios_info,5.0,,"Nova Iguaçu, RJ",Centro,"https://www.google.com/maps/place/Conserto+e+Venda+de+Celular+-+TS+ACESS%C3%93RIOS/@-22.7598471,-43.5983425,12z/data=!4m10!1m2!2m1!1sassistencia+tecnica+de+celular+em+Nova+Igua%C3%A7u,+RJ!3m6!1s0x99676441f0a243:0x2d385a7afcc6863a!8m2!3d-22.7539267!4d-43.4549628!15sCjJhc3Npc3RlbmNpYSB0ZWNuaWNhIGRlIGNlbHVsYXIgZW0gTm92YSBJZ3Vhw6d1LCBSSlozIjFhc3Npc3RlbmNpYSB0ZWNuaWNhIGRlIGNlbHVsYXIgZW0gbm92YSBpZ3Vhw6d1IHJqkgEXY29tcHV0ZXJfcmVwYWlyX3NlcnZpY2WaAURDaTlEUVVsUlFVTnZaRU5vZEhsalJqbHZUMnBLZEdFeWJETmtiV013WVVSck0xbFZlRFJVYld4RFVrWldNMDFWUlJBQuABAPoBBAgAECs!16s%2Fg%2F11n3ny12l8?entry=ttu&g_ep=EgoyMDI2MDYyMy4wIKXMDSoASAFQAw%3D%3D",0x99676441f0a243:0x2d385a7afcc6863a
Conserta Smart Nilópolis,"Estr. Antônio José Bitencourt, 31 - Centro, Nilópolis - RJ, 26535-000",21) 98233-0775,21) 98233-0775,,,Assistência técnica de celular,Assistência técnica de celular,True,https://www.consertasmart.com/conserto-de-celular/nil%C3%B3polis,4.6,,"Nova Iguaçu, RJ",Centro,"https://www.google.com/maps/place/Conserta+Smart+Nil%C3%B3polis/@-22.7598471,-43.5983425,12z/data=!4m11!1m3!2m2!1sassistencia+tecnica+de+celular+em+Nova+Igua%C3%A7u,+RJ!6e6!3m6!1s0x9966ad4e324ef9:0x418adcc1cfe8f4ce!8m2!3d-22.8065597!4d-43.4156549!15sCjJhc3Npc3RlbmNpYSB0ZWNuaWNhIGRlIGNlbHVsYXIgZW0gTm92YSBJZ3Vhw6d1LCBSSlozIjFhc3Npc3RlbmNpYSB0ZWNuaWNhIGRlIGNlbHVsYXIgZW0gbm92YSBpZ3Vhw6d1IHJqkgEYbW9iaWxlX3Bob25lX3JlcGFpcl9zaG9wmgFEQ2k5RFFVbFJRVU52WkVOb2RIbGpSamx2VDIxdmQxTkVTVFZaYmxwclRrUlNWVTVZY0ZsWGJteHJWVlZTYTFneFJSQULgAQD6AQQIYhAQ!16s%2Fg%2F11k9kcjv1c?entry=ttu&g_ep=EgoyMDI2MDYyMy4wIKXMDSoASAFQAw%3D%3D",0x9966ad4e324ef9:0x418adcc1cfe8f4ce
Informatize Informática,"R. Min. Edgar da Costa, 10 - Sala 104 - Centro, Nova Iguaçu - RJ, 26220-070",21) 2667-3288,,,,Assistência técnica de celular,Assistência técnica de celular,True,http://www.informatizeinformatica.com.br/,4.9,,"Nova Iguaçu, RJ",Centro,"https://www.google.com/maps/place/Informatize+Inform%C3%A1tica/@-22.7598471,-43.5983425,12z/data=!4m11!1m3!2m2!1sassistencia+tecnica+de+celular+em+Nova+Igua%C3%A7u,+RJ!6e6!3m6!1s0x99670053ba2119:0x663d40818a1e7741!8m2!3d-22.7612608!4d-43.4476524!15sCjJhc3Npc3RlbmNpYSB0ZWNuaWNhIGRlIGNlbHVsYXIgZW0gTm92YSBJZ3Vhw6d1LCBSSlozIjFhc3Npc3RlbmNpYSB0ZWNuaWNhIGRlIGNlbHVsYXIgZW0gbm92YSBpZ3Vhw6d1IHJqkgEXY29tcHV0ZXJfcmVwYWlyX3NlcnZpY2WaAURDaTlEUVVsUlFVTnZaRU5vZEhsalJqbHZUMjFLVWs1VmNFVmtNSEJEWWxkak5XTlVTblpWYTFJelZXNWplRkl3UlJBQuABAPoBBAhrEDo!16s%2Fg%2F11h0_5_x2?entry=ttu&g_ep=EgoyMDI2MDYyMy4wIKXMDSoASAFQAw%3D%3D",0x99670053ba2119:0x663d40818a1e7741
Newcell Assistência Técnica,"Estr. Velha de Iguacu, 235 - Miguel Couto, Nova Iguaçu - RJ, 26060-410",21) 96857-4963,21) 96857-4963,https://instagram.com/newcell_021?igshid=NzZlODBkYWE4Ng==,,Assistência técnica de celular,Assistência técnica de celular,False,https://instagram.com/newcell_021?igshid=NzZlODBkYWE4Ng==,4.9,,"Nova Iguaçu, RJ",Miguel Couto,"https://www.google.com/maps/place/Newcell+Assist%C3%AAncia+T%C3%A9cnica/@-22.7598471,-43.5983425,12z/data=!4m11!1m3!2m2!1sassistencia+tecnica+de+celular+em+Nova+Igua%C3%A7u,+RJ!6e6!3m6!1s0x9969582a0d824d:0x6549b9a9b87b4135!8m2!3d-22.7068072!4d-43.4304561!15sCjJhc3Npc3RlbmNpYSB0ZWNuaWNhIGRlIGNlbHVsYXIgZW0gTm92YSBJZ3Vhw6d1LCBSSlozIjFhc3Npc3RlbmNpYSB0ZWNuaWNhIGRlIGNlbHVsYXIgZW0gbm92YSBpZ3Vhw6d1IHJqkgEQY2VsbF9waG9uZV9zdG9yZZoBRENpOURRVWxSUVVOdlpFTm9kSGxqUmpsdlQyNVNWMWd4U2xKVk1sSnJZMGhPZEZneldreFpNRVpKVVZjNWFsTXpZeEFC4AEA-gEECBEQQA!16s%2Fg%2F11vlw0r1b4?entry=ttu&g_ep=EgoyMDI2MDYyMy4wIKXMDSoASAFQAw%3D%3D",0x9969582a0d824d:0x6549b9a9b87b4135
Técnico de manutenção de celular em Nova Iguaçu,"Condominio Paradiso Cabuçu - Campo Alegre, Nova Iguaçu - RJ, 26292-334",21) 97714-8482,21) 97714-8482,,,Assistência técnica de celular,Assistência técnica de celular,False,,5.0,,"Nova Iguaçu, RJ",Campo Alegre,"https://www.google.com/maps/place/T%C3%A9cnico+de+manuten%C3%A7%C3%A3o+de+celular+em+Nova+Igua%C3%A7u/@-22.7655566,-43.7018873,12z/data=!4m11!1m3!2m2!1sassistencia+tecnica+de+celular+em+Nova+Igua%C3%A7u,+RJ!6e6!3m6!1s0xa7da69c50bbd7c3:0xa64d5255c893ff6c!8m2!3d-22.7655566!4d-43.5576917!15sCjJhc3Npc3RlbmNpYSB0ZWNuaWNhIGRlIGNlbHVsYXIgZW0gTm92YSBJZ3Vhw6d1LCBSSpIBDnJlcGFpcl9zZXJ2aWNl4AEA!16s%2Fg%2F11rpdd15x9?entry=ttu&g_ep=EgoyMDI2MDYyMy4wIKXMDSoASAFQAw%3D%3D",0xa7da69c50bbd7c3:0xa64d5255c893ff6c
EPHONE ASSISTÊNCIA TÉCNICA NILÓPOLIS,"Rua professor Alfredo Gonçalves Filgueira 12 - Centro, Nilópolis - RJ, 26525-060",21) 96987-4916,21) 96987-4916,,,Assistência técnica de celular,Assistência técnica de celular,True,https://ephonerj.com.br/,4.4,,"Nova Iguaçu, RJ",Centro,"https://www.google.com/maps/place/EPHONE+ASSIST%C3%8ANCIA+T%C3%89CNICA+NIL%C3%93POLIS/@-22.7598471,-43.5983425,12z/data=!4m11!1m3!2m2!1sassistencia+tecnica+de+celular+em+Nova+Igua%C3%A7u,+RJ!6e6!3m6!1s0x99614df23bffff:0x4deeab7fe5f8f380!8m2!3d-22.8101174!4d-43.4154047!15sCjJhc3Npc3RlbmNpYSB0ZWNuaWNhIGRlIGNlbHVsYXIgZW0gTm92YSBJZ3Vhw6d1LCBSSlozIjFhc3Npc3RlbmNpYSB0ZWNuaWNhIGRlIGNlbHVsYXIgZW0gbm92YSBpZ3Vhw6d1IHJqkgEYbW9iaWxlX3Bob25lX3JlcGFpcl9zaG9wmgFEQ2k5RFFVbFJRVU52WkVOb2RIbGpSamx2VDJ4Vk0wNUdRblpOTVZKdFlrVnNTVTlWTlRGaVZGSkVWVlJPTTFsV1JSQULgAQD6AQQIABAf!16s%2Fg%2F11hctyt3tj?entry=ttu&g_ep=EgoyMDI2MDYyMy4wIKXMDSoASAFQAw%3D%3D",0x99614df23bffff:0x4deeab7fe5f8f380
ConsertTechCell - Assistência Técnica,"R. Copacabana, 62A - LJ B - Venda Velha, São João de Meriti - RJ, 25580-000",21) 95944-5576,21) 95944-5576,,,Assistência técnica de celular,Assistência técnica de celular,True,https://sites.google.com/view/conserttechcell/,5.0,,"Nova Iguaçu, RJ",Venda Velha,"https://www.google.com/maps/place/ConsertTechCell+-+Assist%C3%AAncia+T%C3%A9cnica/@-22.7598471,-43.5983425,12z/data=!4m10!1m3!2m2!1sassistencia+tecnica+de+celular+em+Nova+Igua%C3%A7u,+RJ!6e6!3m5!1s0x9965528b10ac91:0xaae90be9eca22504!8m2!3d-22.7677837!4d-43.3734981!16s%2Fg%2F11xt354s71?entry=ttu&g_ep=EgoyMDI2MDYyMy4wIKXMDSoASAFQAw%3D%3D",0x9965528b10ac91:0xaae90be9eca22504
Smart Tech,"Av. Getúlio Vargas, 1343 - Centro, Nilópolis - RJ, 26525-023",21) 98028-8611,21) 98028-8611,https://www.instagram.com/lojasmart.tech,,Assistência técnica de celular,Assistência técnica de celular,False,https://www.instagram.com/lojasmart.tech/,4.5,,"Nova Iguaçu, RJ",Centro,"https://www.google.com/maps/place/Smart+Tech/@-22.7598471,-43.5983425,12z/data=!4m10!1m3!2m2!1sassistencia+tecnica+de+celular+em+Nova+Igua%C3%A7u,+RJ!6e6!3m5!1s0x99614d923d3c17:0xce43461976ed7522!8m2!3d-22.8098446!4d-43.4169922!16s%2Fg%2F11f3f9flfy?entry=ttu&g_ep=EgoyMDI2MDYyMy4wIKXMDSoASAFQAw%3D%3D",0x99614d923d3c17:0xce43461976ed7522
Ifix Cell Board ( Especializada em Iphone),"Galeria Guanabara - R. José Hipólito de Oliveira, 47 - Loja 3 - Centro, Nova Iguaçu - RJ, 26220-031",21) 96968-0450,https://api.whatsapp.com/send/?phone=%2B5521969680450&text=Encontrei+voc%C3%AAs+no+Google%2C+quero+mais+informa%C3%A7%C3%B5es&type=phone_number&app_absent=0,,,Conserto de celular,Conserto de celular,True,https://api.whatsapp.com/send/?phone=%2B5521969680450&text=Encontrei+voc%C3%AAs+no+Google%2C+quero+mais+informa%C3%A7%C3%B5es&type=phone_number&app_absent=0,4.9,,"Nova Iguaçu, RJ",Centro,"https://www.google.com/maps/place/Ifix+Cell+Board+(+Especializada+em+Iphone)/@-22.7579946,-43.5216616,13z/data=!4m10!1m2!2m1!1sconserto+de+celular+em+Nova+Igua%C3%A7u,+RJ!3m6!1s0x997f68ddeb8599:0xeb33462deaada690!8m2!3d-22.7594817!4d-43.4480267!15sCidjb25zZXJ0byBkZSBjZWx1bGFyIGVtIE5vdmEgSWd1YcOndSwgUkpaKCImY29uc2VydG8gZGUgY2VsdWxhciBlbSBub3ZhIGlndWHDp3UgcmqSARhtb2JpbGVfcGhvbmVfcmVwYWlyX3Nob3CaASRDaGREU1VoTk1HOW5TMFZKUTBGblNVTlNjRmxVWDNCQlJSQULgAQD6AQQIABA_!16s%2Fg%2F11hdz742dw?entry=ttu&g_ep=EgoyMDI2MDYyMy4wIKXMDSoASAFQAw%3D%3D",0x997f68ddeb8599:0xeb33462deaada690
Gtell Acessórios,"R. Dr. Paulo Fróes Machado, 43 - Centro, Nova Iguaçu - RJ, 26255-170",21) 99578-8786,21) 99578-8786,,,Conserto de celular,Conserto de celular,False,,4.3,,"Nova Iguaçu, RJ",Centro,"https://www.google.com/maps/place/Gtell+Acess%C3%B3rios/@-22.7579946,-43.5216616,13z/data=!4m10!1m2!2m1!1sconserto+de+celular+em+Nova+Igua%C3%A7u,+RJ!3m6!1s0x996706bbca74d5:0xdbbe68d72c39b74e!8m2!3d-22.7609898!4d-43.4507878!15sCidjb25zZXJ0byBkZSBjZWx1bGFyIGVtIE5vdmEgSWd1YcOndSwgUkpaKCImY29uc2VydG8gZGUgY2VsdWxhciBlbSBub3ZhIGlndWHDp3UgcmqSARBjZWxsX3Bob25lX3N0b3JlmgFEQ2k5RFFVbFJRVU52WkVOb2RIbGpSamx2VDJ4U1dHRkZhSGRqZWtwMlQwVlJNRko2VlhSWFJVbDZaRVpWZVdWWVl4QULgAQD6AQQIABAe!16s%2Fg%2F1ptxjv7kj?entry=ttu&g_ep=EgoyMDI2MDYyMy4wIKXMDSoASAFQAw%3D%3D",0x996706bbca74d5:0xdbbe68d72c39b74e
Carol Cell,"Galeria do Comércio - R. José Hipólito de Oliveira, Boxs 14 e 15 - Centro, Nova Iguaçu - RJ, 26210-130",21) 97185-4856,21) 97185-4856,https://www.instagram.com/carol_cell_?igsh=dzl0Y3J1ZTV1MXZo,,Conserto de celular,Conserto de celular,False,https://www.instagram.com/carol_cell_?igsh=dzl0Y3J1ZTV1MXZo,4.8,,"Nova Iguaçu, RJ",Centro,"https://www.google.com/maps/place/Carol+Cell/@-22.7579946,-43.5216616,13z/data=!4m10!1m2!2m1!1sconserto+de+celular+em+Nova+Igua%C3%A7u,+RJ!3m6!1s0x9967679da01c85:0xcf92ba674cf668b7!8m2!3d-22.759512!4d-43.4475291!15sCidjb25zZXJ0byBkZSBjZWx1bGFyIGVtIE5vdmEgSWd1YcOndSwgUkpaKCImY29uc2VydG8gZGUgY2VsdWxhciBlbSBub3ZhIGlndWHDp3UgcmqSARBjZWxsX3Bob25lX3N0b3JlmgEjQ2haRFNVaE5NRzluUzBWSlEwRm5TVU5JTlhOcU1FdG5FQUXgAQD6AQQIABBA!16s%2Fg%2F11y3x9rcns?entry=ttu&g_ep=EgoyMDI2MDYyMy4wIKXMDSoASAFQAw%3D%3D",0x9967679da01c85:0xcf92ba674cf668b7
G Gold Cell,"Av. Henrique Duque Estrada Meyer, 318 - Alto da Posse, Nova Iguaçu - RJ, 26030-380",21) 99814-5555,21) 99814-5555,,,Conserto de celular,Conserto de celular,True,https://www.facebook.com/287795538003323/,4.7,,"Nova Iguaçu, RJ",Alto da Posse,"https://www.google.com/maps/place/G+Gold+Cell/@-22.7579946,-43.5216616,13z/data=!4m10!1m2!2m1!1sconserto+de+celular+em+Nova+Igua%C3%A7u,+RJ!3m6!1s0x9967b89f3b493b:0x674416b15b4b7f40!8m2!3d-22.7356728!4d-43.4584051!15sCidjb25zZXJ0byBkZSBjZWx1bGFyIGVtIE5vdmEgSWd1YcOndSwgUkpaKCImY29uc2VydG8gZGUgY2VsdWxhciBlbSBub3ZhIGlndWHDp3UgcmqSARRwaG9uZV9yZXBhaXJfc2VydmljZZoBRENpOURRVWxSUVVOdlpFTm9kSGxqUmpsdlQyNVNhR05zUm1oVmVtTjVaRWRhZG1SV1VuSmFTRXBFWTBaUk1sSlhZeEFC4AEA-gEECAAQFw!16s%2Fg%2F11bc73g6w7?entry=ttu&g_ep=EgoyMDI2MDYyMy4wIKXMDSoASAFQAw%3D%3D",0x9967b89f3b493b:0x674416b15b4b7f40
You Cell Conserto de Celulares,"Av. Carlos Marques Rollo, 648 - Vila Nova, Nova Iguaçu - RJ, 26255-298",21) 97426-6901,21) 97426-6901,,,Conserto de celular,Conserto de celular,False,,4.5,,"Nova Iguaçu, RJ",Vila Nova,"https://www.google.com/maps/place/You+Cell+Conserto+de+Celulares/@-22.7579946,-43.5216616,13z/data=!4m11!1m3!2m2!1sconserto+de+celular+em+Nova+Igua%C3%A7u,+RJ!6e6!3m6!1s0x99677cd7d912cb:0x4fa732f4ee4e390e!8m2!3d-22.7646886!4d-43.4298385!15sCidjb25zZXJ0byBkZSBjZWx1bGFyIGVtIE5vdmEgSWd1YcOndSwgUkpaKCImY29uc2VydG8gZGUgY2VsdWxhciBlbSBub3ZhIGlndWHDp3UgcmqSARBjZWxsX3Bob25lX3N0b3JlmgEjQ2haRFNVaE5NRzluUzBWSlEwRm5TVVJTYTAxbWNWZFJFQUXgAQD6AQQIABAf!16s%2Fg%2F11f66vd9nj?entry=ttu&g_ep=EgoyMDI2MDYyMy4wIKXMDSoASAFQAw%3D%3D",0x99677cd7d912cb:0x4fa732f4ee4e390e
UPA CELL,"R. Pedrosa Lins, 35 - Dom Rodrigo, Nova Iguaçu - RJ, 26280-360",21) 98932-3160,21) 98932-3160,,,Conserto de celular,Conserto de celular,False,,4.9,,"Nova Iguaçu, RJ",Dom Rodrigo,"https://www.google.com/maps/place/UPA+CELL/@-22.7579946,-43.5216616,13z/data=!4m10!1m2!2m1!1sconserto+de+celular+em+Nova+Igua%C3%A7u,+RJ!3m6!1s0x99676cd346346d:0xf5a9bd3b2929d3c0!8m2!3d-22.7605228!4d-43.47391!15sCidjb25zZXJ0byBkZSBjZWx1bGFyIGVtIE5vdmEgSWd1YcOndSwgUkpaKCImY29uc2VydG8gZGUgY2VsdWxhciBlbSBub3ZhIGlndWHDp3UgcmqSARhtb2JpbGVfcGhvbmVfcmVwYWlyX3Nob3CaAURDaTlEUVVsUlFVTnZaRU5vZEhsalJqbHZUMjFXVVZWRmFGaGphbWhtVVZWT2NtUnJWblJaVjBwSVRXdzVWMDFyUlJBQuABAPoBBAgAEA8!16s%2Fg%2F11h3kbx_qx?entry=ttu&g_ep=EgoyMDI2MDYyMy4wIKXMDSoASAFQAw%3D%3D",0x99676cd346346d:0xf5a9bd3b2929d3c0
DR CELL conserto de smartphone,"Heraldo Sales de Abreu - Centro, Nova Iguaçu - RJ, 26210-060",21) 97950-0772,21) 97950-0772,,,Conserto de celular,Conserto de celular,False,,4.9,,"Nova Iguaçu, RJ",Centro,"https://www.google.com/maps/place/DR+CELL+conserto+de+smartphone/@-22.7579946,-43.5216616,13z/data=!4m10!1m2!2m1!1sconserto+de+celular+em+Nova+Igua%C3%A7u,+RJ!3m6!1s0x996797236643f3:0x1fb27a934de2f7a5!8m2!3d-22.7596777!4d-43.4486455!15sCidjb25zZXJ0byBkZSBjZWx1bGFyIGVtIE5vdmEgSWd1YcOndSwgUkpaKCImY29uc2VydG8gZGUgY2VsdWxhciBlbSBub3ZhIGlndWHDp3UgcmqSARRwaG9uZV9yZXBhaXJfc2VydmljZZoBI0NoWkRTVWhOTUc5blMwVkpRMEZuU1VSc00wcFhaMGhCRUFF4AEA-gEECAAQPQ!16s%2Fg%2F11fsz1xjdw?entry=ttu&g_ep=EgoyMDI2MDYyMy4wIKXMDSoASAFQAw%3D%3D",0x996797236643f3:0x1fb27a934de2f7a5
Eduardo Cell conserto de celular,"R. Alagoas, 290 - Jardim da Viga, Nova Iguaçu - RJ, 26013-590",21) 96500-2926,21) 96500-2926,,,Conserto de celular,Conserto de celular,False,,5.0,,"Nova Iguaçu, RJ",Jardim da Viga,"https://www.google.com/maps/place/Eduardo+Cell+conserto+de+celular/@-22.7579946,-43.5216616,13z/data=!4m10!1m2!2m1!1sconserto+de+celular+em+Nova+Igua%C3%A7u,+RJ!3m6!1s0x99673d26deedd5:0x3154a6f3bd14b38!8m2!3d-22.7403787!4d-43.4423245!15sCidjb25zZXJ0byBkZSBjZWx1bGFyIGVtIE5vdmEgSWd1YcOndSwgUkpaKCImY29uc2VydG8gZGUgY2VsdWxhciBlbSBub3ZhIGlndWHDp3UgcmqSARhtb2JpbGVfcGhvbmVfcmVwYWlyX3Nob3CaASNDaFpEU1VoTk1HOW5TMFZKUTBGblNVUkllRFUzWWt0bkVBReABAPoBBAgAECo!16s%2Fg%2F11p17b_116?entry=ttu&g_ep=EgoyMDI2MDYyMy4wIKXMDSoASAFQAw%3D%3D",0x99673d26deedd5:0x3154a6f3bd14b38
CONTENTECELL,"Galeria do Comercio - Av. Gov. Amaral Peixoto, 34 - Loja 19 - Centro, Nova Iguaçu - RJ, 26210-060",21) 98747-2133,21) 98747-2133,,,Conserto de celular,Conserto de celular,True,https://contentecell.com.br/,5.0,,"Nova Iguaçu, RJ",Centro,"https://www.google.com/maps/place/CONTENTECELL/@-22.7579946,-43.5216616,13z/data=!4m10!1m2!2m1!1sconserto+de+celular+em+Nova+Igua%C3%A7u,+RJ!3m6!1s0x99677777525b27:0xf5c82a60bc80fe1e!8m2!3d-22.7599357!4d-43.4480463!15sCidjb25zZXJ0byBkZSBjZWx1bGFyIGVtIE5vdmEgSWd1YcOndSwgUkpaKCImY29uc2VydG8gZGUgY2VsdWxhciBlbSBub3ZhIGlndWHDp3UgcmqSARhtb2JpbGVfcGhvbmVfcmVwYWlyX3Nob3CaAURDaTlEUVVsUlFVTnZaRU5vZEhsalJqbHZUMjAxUzJWRVFrVlJNakZxV2pOU1JWZHFValZVUldSNVlrZFNSbHBJWXhBQuABAPoBBAgWEEY!16s%2Fg%2F11ldq272ty?entry=ttu&g_ep=EgoyMDI2MDYyMy4wIKXMDSoASAFQAw%3D%3D",0x99677777525b27:0xf5c82a60bc80fe1e
Impacto Cell Telefonia,"R. Maria Adelaide de Carvalho, 20 - Centro, Nova Iguaçu - RJ, 26210-070",21) 96731-0948,21) 96731-0948,,,Conserto de celular,Conserto de celular,False,,5.0,,"Nova Iguaçu, RJ",Centro,"https://www.google.com/maps/place/Impacto+Cell+Telefonia/@-22.7579946,-43.5216616,13z/data=!4m10!1m2!2m1!1sconserto+de+celular+em+Nova+Igua%C3%A7u,+RJ!3m6!1s0x996700c32085ff:0x740e32f04461d46b!8m2!3d-22.7593694!4d-43.4489805!15sCidjb25zZXJ0byBkZSBjZWx1bGFyIGVtIE5vdmEgSWd1YcOndSwgUkpaKCImY29uc2VydG8gZGUgY2VsdWxhciBlbSBub3ZhIGlndWHDp3UgcmqSARBjZWxsX3Bob25lX3N0b3JlmgEkQ2hkRFNVaE5NRzluUzBWSlEwRm5TVVJrYkhJek1qZFJSUkFC4AEA-gEECAAQDQ!16s%2Fg%2F11j2dmpsbr?entry=ttu&g_ep=EgoyMDI2MDYyMy4wIKXMDSoASAFQAw%3D%3D",0x996700c32085ff:0x740e32f04461d46b
Eletrocel,"R. Antônio Melo, 118 - Centro, Nova Iguaçu - RJ, 26210-230",21) 4107-4720,,,,Conserto de celular,Conserto de celular,False,,4.6,,"Nova Iguaçu, RJ",Centro,"https://www.google.com/maps/place/Eletrocel/@-22.7579946,-43.5216616,13z/data=!4m11!1m3!2m2!1sconserto+de+celular+em+Nova+Igua%C3%A7u,+RJ!6e6!3m6!1s0x996707f853c07b:0x782037fd2754c046!8m2!3d-22.755961!4d-43.4543729!15sCidjb25zZXJ0byBkZSBjZWx1bGFyIGVtIE5vdmEgSWd1YcOndSwgUkpaKCImY29uc2VydG8gZGUgY2VsdWxhciBlbSBub3ZhIGlndWHDp3UgcmqSARBjZWxsX3Bob25lX3N0b3JlmgEjQ2haRFNVaE5NRzluUzBWSlEwRm5TVVJsY2w5Zk5FcDNFQUXgAQD6AQQIABA7!16s%2Fg%2F11b7c8p15k?entry=ttu&g_ep=EgoyMDI2MDYyMy4wIKXMDSoASAFQAw%3D%3D",0x996707f853c07b:0x782037fd2754c046
CarlinhoCell Consertos e Acessórios,"R. Sen. Roberto Kennedy, 3 - Engenho Pequeno, Nova Iguaçu - RJ, 26011-360",21) 99088-0193,21) 99088-0193,,,Conserto de celular,Conserto de celular,False,,,,"Nova Iguaçu, RJ",Engenho Pequeno,"https://www.google.com/maps/place/CarlinhoCell+Consertos+e+Acess%C3%B3rios/@-22.7579946,-43.5216616,13z/data=!4m11!1m3!2m2!1sconserto+de+celular+em+Nova+Igua%C3%A7u,+RJ!6e6!3m6!1s0x99673db67f3149:0xee58fbae3d523452!8m2!3d-22.7470382!4d-43.4241277!15sCidjb25zZXJ0byBkZSBjZWx1bGFyIGVtIE5vdmEgSWd1YcOndSwgUkqSARhtb2JpbGVfcGhvbmVfcmVwYWlyX3Nob3DgAQA!16s%2Fg%2F11hdsn25l_?entry=ttu&g_ep=EgoyMDI2MDYyMy4wIKXMDSoASAFQAw%3D%3D",0x99673db67f3149:0xee58fbae3d523452
PatricMultimarcas Tropical,"R. Damas Batista, 997 - Jardim Tropical, Nova Iguaçu - RJ, 26011-151",21) 98674-0716,21) 98674-0716,,,Conserto de celular,Conserto de celular,False,,5.0,,"Nova Iguaçu, RJ",Jardim Tropical,"https://www.google.com/maps/place/PatricMultimarcas+Tropical/@-22.7579946,-43.5216616,13z/data=!4m11!1m3!2m2!1sconserto+de+celular+em+Nova+Igua%C3%A7u,+RJ!6e6!3m6!1s0x9967c3ced7f685:0x6ba4a7130db852b7!8m2!3d-22.7503339!4d-43.4305808!15sCidjb25zZXJ0byBkZSBjZWx1bGFyIGVtIE5vdmEgSWd1YcOndSwgUkpaKCImY29uc2VydG8gZGUgY2VsdWxhciBlbSBub3ZhIGlndWHDp3UgcmqSARhtb2JpbGVfcGhvbmVfcmVwYWlyX3Nob3CaASRDaGREU1VoTk1HOW5TMFZKUTBGblNVUlFlV1ppUzJwQlJSQULgAQD6AQQIABAq!16s%2Fg%2F11s851tgnx?entry=ttu&g_ep=EgoyMDI2MDYyMy4wIKXMDSoASAFQAw%3D%3D",0x9967c3ced7f685:0x6ba4a7130db852b7
Iguaçu cell,"R. José Hipólito de Oliveira, 71 - Loja D - Centro, Nova Iguaçu - RJ, 26210-130",21) 97428-8343,21) 97428-8343,,,Conserto de celular,Conserto de celular,False,,5.0,,"Nova Iguaçu, RJ",Centro,"https://www.google.com/maps/place/Igua%C3%A7u+cell/@-22.7579946,-43.5216616,13z/data=!4m11!1m3!2m2!1sconserto+de+celular+em+Nova+Igua%C3%A7u,+RJ!6e6!3m6!1s0x9967795c1458db:0x60e37c36ea2d7ffa!8m2!3d-22.7591585!4d-43.4483525!15sCidjb25zZXJ0byBkZSBjZWx1bGFyIGVtIE5vdmEgSWd1YcOndSwgUkpaKCImY29uc2VydG8gZGUgY2VsdWxhciBlbSBub3ZhIGlndWHDp3UgcmqSARBjZWxsX3Bob25lX3N0b3JlmgEkQ2hkRFNVaE5NRzluUzBWSlEwRm5TVVJVZDI5dVRsOW5SUkFC4AEA-gEECAAQNg!16s%2Fg%2F11y4vr7vyz?entry=ttu&g_ep=EgoyMDI2MDYyMy4wIKXMDSoASAFQAw%3D%3D",0x9967795c1458db:0x60e37c36ea2d7ffa
SOS celular,"Av. José Mariano Passos - Centro, Belford Roxo - RJ, 26130-570",21) 98337-2478,21) 98337-2478,,,Conserto de celular,Conserto de celular,False,,4.5,,"Nova Iguaçu, RJ",Centro,"https://www.google.com/maps/place/SOS+celular/@-22.7598985,-43.4772311,13z/data=!4m11!1m3!2m2!1sconserto+de+celular+em+Nova+Igua%C3%A7u,+RJ!6e6!3m6!1s0x996512c9451649:0x1f82b1873d40bbd6!8m2!3d-22.7598985!4d-43.4051333!15sCidjb25zZXJ0byBkZSBjZWx1bGFyIGVtIE5vdmEgSWd1YcOndSwgUkpaKCImY29uc2VydG8gZGUgY2VsdWxhciBlbSBub3ZhIGlndWHDp3UgcmqSARhtb2JpbGVfcGhvbmVfcmVwYWlyX3Nob3CaASRDaGREU1VoTk1HOW5TMFZKUTBGblNVUkNMVjloYlhwM1JSQULgAQD6AQQIBxA0!16s%2Fg%2F11tc7rl7g8?entry=ttu&g_ep=EgoyMDI2MDYyMy4wIKXMDSoASAFQAw%3D%3D",0x996512c9451649:0x1f82b1873d40bbd6
Bookcenter,"Av. Rio Branco, 156 - Loja 208 St.03 - Centro, Rio de Janeiro - RJ, 20040-003",21) 3974-3596,,,,Assistência de computadores e notebooks,Assistência de computadores e notebooks,True,http://www.bookcenternotebook.com.br/,4.7,,"Nova Iguaçu, RJ",Centro,"https://www.google.com/maps/place/Bookcenter/@-22.7607636,-43.3936351,13z/data=!4m9!1m2!2m1!1sassistencia+de+computadores+e+notebooks+em+Nova+Igua%C3%A7u,+RJ!3m5!1s0x997f84e2f80dc9:0x1c1bf710b5b456a7!8m2!3d-22.9070765!4d-43.1771697!16s%2Fg%2F11jmx21rnn?entry=ttu&g_ep=EgoyMDI2MDYyMy4wIKXMDSoASAFQAw%3D%3D",0x997f84e2f80dc9:0x1c1bf710b5b456a7
Noteduke Assistência técnica de impressoras e notebooks,"R. Mal. Deodoro, 629 - sala 801 - Jardim Vinte e Cinco de Agosto, Duque de Caxias - RJ, 25071-190",21) 2673-3006,https://api.whatsapp.com/send?phone=552126733006&text=Preciso+de+ajuda+com+meu+projetor+GMN,,,Assistência de computadores e notebooks,Assistência de computadores e notebooks,True,http://www.noteduke.com.br/,4.8,,"Nova Iguaçu, RJ",Jardim Vinte e Cinco de Agosto,"https://www.google.com/maps/place/Noteduke+Assist%C3%AAncia+t%C3%A9cnica+de+impressoras+e+notebooks/@-22.7607636,-43.3936351,13z/data=!4m10!1m2!2m1!1sassistencia+de+computadores+e+notebooks+em+Nova+Igua%C3%A7u,+RJ!3m6!1s0x997aeba36374ad:0xdc5b2f0a9ff30945!8m2!3d-22.7904916!4d-43.3076557!15sCjthc3Npc3RlbmNpYSBkZSBjb21wdXRhZG9yZXMgZSBub3RlYm9va3MgZW0gTm92YSBJZ3Vhw6d1LCBSSlo8Ijphc3Npc3RlbmNpYSBkZSBjb21wdXRhZG9yZXMgZSBub3RlYm9va3MgZW0gbm92YSBpZ3Vhw6d1IHJqkgEXY29tcHV0ZXJfcmVwYWlyX3NlcnZpY2WaASRDaGREU1VoTk1HOW5TMFZKUTBGblNVTXRNV0pmUXkxQlJSQULgAQD6AQQINxAz!16s%2Fg%2F11b7y7t74c?entry=ttu&g_ep=EgoyMDI2MDYyMy4wIKXMDSoASAFQAw%3D%3D",0x997aeba36374ad:0xdc5b2f0a9ff30945
MANUTENÇÃO E CONSERTO DE NOTEBOOK COMPUTADOR SMARTPHONE E TABLET,"Tv. Rita De Cassia, 81 - Kennedy, Nova Iguaçu - RJ, 26020-095",21) 98247-9213,5521982479213,,,Assistência de computadores e notebooks,Assistência de computadores e notebooks,True,http://www.vmanutencao.com.br/,5.0,,"Nova Iguaçu, RJ",Kennedy,"https://www.google.com/maps/place/MANUTEN%C3%87%C3%83O+E+CONSERTO+DE+NOTEBOOK+COMPUTADOR+SMARTPHONE+E+TABLET/@-22.7344371,-43.5184642,13z/data=!4m10!1m2!2m1!1sassistencia+de+computadores+e+notebooks+em+Nova+Igua%C3%A7u,+RJ!3m6!1s0x9967d3cd8a1417:0x3b1b8b36779940af!8m2!3d-22.7344371!4d-43.4463664!15sCjthc3Npc3RlbmNpYSBkZSBjb21wdXRhZG9yZXMgZSBub3RlYm9va3MgZW0gTm92YSBJZ3Vhw6d1LCBSSlo8Ijphc3Npc3RlbmNpYSBkZSBjb21wdXRhZG9yZXMgZSBub3RlYm9va3MgZW0gbm92YSBpZ3Vhw6d1IHJqkgEdY29tcHV0ZXJfc3VwcG9ydF9hbmRfc2VydmljZXOaASNDaFpEU1VoTk1HOW5TMFZKUTBGblNVTnFaMHR5Y1dKbkVBReABAPoBBAg5EAw!16s%2Fg%2F11cm85w59b?entry=ttu&g_ep=EgoyMDI2MDYyMy4wIKXMDSoASAFQAw%3D%3D",0x9967d3cd8a1417:0x3b1b8b36779940af
Athicus Reparo e Manutenção de Notebook e computadores,"R. Nunes Alves, 75 - sala 109 - Centro, Duque de Caxias - RJ, 25020-085",21) 99428-0707,21) 99428-0707,,,Assistência de computadores e notebooks,Assistência de computadores e notebooks,True,http://athicus.com.br/,4.2,,"Nova Iguaçu, RJ",Centro,"https://www.google.com/maps/place/Athicus+Reparo+e+Manuten%C3%A7%C3%A3o+de+Notebook+e+computadores/@-22.7607636,-43.3936351,13z/data=!3m1!5s0x997ac02657ae9b:0x633e0af90e24ae82!4m10!1m2!2m1!1sassistencia+de+computadores+e+notebooks+em+Nova+Igua%C3%A7u,+RJ!3m6!1s0x997b9647069eb3:0x8ecacd8a4b198f0!8m2!3d-22.7858733!4d-43.310418!15sCjthc3Npc3RlbmNpYSBkZSBjb21wdXRhZG9yZXMgZSBub3RlYm9va3MgZW0gTm92YSBJZ3Vhw6d1LCBSSlo8Ijphc3Npc3RlbmNpYSBkZSBjb21wdXRhZG9yZXMgZSBub3RlYm9va3MgZW0gbm92YSBpZ3Vhw6d1IHJqkgEXY29tcHV0ZXJfcmVwYWlyX3NlcnZpY2WaASNDaFpEU1VoTk1HOW5TMFZKUTBGblNVUktObTgzVWtObkVBReABAPoBBAgAECs!16s%2Fg%2F11tgcc9jf3?entry=ttu&g_ep=EgoyMDI2MDYyMy4wIKXMDSoASAFQAw%3D%3D",0x997ac02657ae9b:0x633e0af90e24ae82
Solucionática Eletrônica e informática,"Av. Dr. Mario Guimarães, 214 / 216 - Centro, Nova Iguaçu - RJ, 26255-230",21) 2667-5391,,,,Assistência de computadores e notebooks,Assistência de computadores e notebooks,False,,4.6,,"Nova Iguaçu, RJ",Centro,"https://www.google.com/maps/place/Solucion%C3%A1tica+Eletr%C3%B4nica+e+inform%C3%A1tica/@-22.7344371,-43.5184642,13z/data=!4m11!1m3!2m2!1sassistencia+de+computadores+e+notebooks+em+Nova+Igua%C3%A7u,+RJ!6e6!3m6!1s0x9967060304827d:0xcb10837b131cef99!8m2!3d-22.7601471!4d-43.4543905!15sCjthc3Npc3RlbmNpYSBkZSBjb21wdXRhZG9yZXMgZSBub3RlYm9va3MgZW0gTm92YSBJZ3Vhw6d1LCBSSlo8Ijphc3Npc3RlbmNpYSBkZSBjb21wdXRhZG9yZXMgZSBub3RlYm9va3MgZW0gbm92YSBpZ3Vhw6d1IHJqkgEXY29tcHV0ZXJfcmVwYWlyX3NlcnZpY2WaASNDaFpEU1VoTk1HOW5TMFZKUTBGblNVTjJjM0ZYV0VwUkVBReABAPoBBAgAEA8!16s%2Fg%2F11b77pzw_n?entry=ttu&g_ep=EgoyMDI2MDYyMy4wIKXMDSoASAFQAw%3D%3D",0x9967060304827d:0xcb10837b131cef99
KING MANUTENÇÃO NOVA IGUAÇU,"Av. Gov. Roberto Silveira, 447 - Stand 63 - Chacrinha, Nova Iguaçu - RJ, 26210-210",21) 96698-6984,21) 96698-6984,,,Assistência de computadores e notebooks,Assistência de computadores e notebooks,False,,5.0,,"Nova Iguaçu, RJ",Chacrinha,"https://www.google.com/maps/place/KING+MANUTEN%C3%87%C3%83O+NOVA+IGUA%C3%87U/@-22.7344371,-43.5184642,13z/data=!4m10!1m2!2m1!1sassistencia+de+computadores+e+notebooks+em+Nova+Igua%C3%A7u,+RJ!3m6!1s0x9967ca94d798ff:0x8b400c9a27ae252!8m2!3d-22.7541617!4d-43.4550949!15sCjthc3Npc3RlbmNpYSBkZSBjb21wdXRhZG9yZXMgZSBub3RlYm9va3MgZW0gTm92YSBJZ3Vhw6d1LCBSSlo8Ijphc3Npc3RlbmNpYSBkZSBjb21wdXRhZG9yZXMgZSBub3RlYm9va3MgZW0gbm92YSBpZ3Vhw6d1IHJqkgEOY29tcHV0ZXJfc3RvcmWaAURDaTlEUVVsUlFVTnZaRU5vZEhsalJqbHZUMjFvZEdGWE9VdGpiVXBtVkVkRmVFNHhjREJhTVd4c1ZFYzFjbGxZWXhBQuABAPoBBAgiEEY!16s%2Fg%2F11wfr60tn5?entry=ttu&g_ep=EgoyMDI2MDYyMy4wIKXMDSoASAFQAw%3D%3D",0x9967ca94d798ff:0x8b400c9a27ae252
Dream Informatica Nova Iguaçu,"Av. Nilo Peçanha, 516 - Centro, Nova Iguaçu - RJ, 26210-012",21) 99026-7634,21) 99026-7634,,,Assistência de computadores e notebooks,Assistência de computadores e notebooks,True,https://wa.me/c/5521990267634,4.6,,"Nova Iguaçu, RJ",Centro,"https://www.google.com/maps/place/Dream+Informatica+Nova+Igua%C3%A7u/@-22.7344371,-43.5184642,13z/data=!4m10!1m2!2m1!1sassistencia+de+computadores+e+notebooks+em+Nova+Igua%C3%A7u,+RJ!3m6!1s0x99678f063cec87:0xcd0e66ba9248b71d!8m2!3d-22.7568501!4d-43.4467767!15sCjthc3Npc3RlbmNpYSBkZSBjb21wdXRhZG9yZXMgZSBub3RlYm9va3MgZW0gTm92YSBJZ3Vhw6d1LCBSSlo8Ijphc3Npc3RlbmNpYSBkZSBjb21wdXRhZG9yZXMgZSBub3RlYm9va3MgZW0gbm92YSBpZ3Vhw6d1IHJqkgEXY29tcHV0ZXJfcmVwYWlyX3NlcnZpY2WaASNDaFpEU1VoTk1HOW5TMFZKUTBGblNVUjBOM1JpWkV0UkVBReABAPoBBAg9EDQ!16s%2Fg%2F11px3xf432?entry=ttu&g_ep=EgoyMDI2MDYyMy4wIKXMDSoASAFQAw%3D%3D",0x99678f063cec87:0xcd0e66ba9248b71d
Notebook Hall Informática,"Avenida Governador Roberto Silveira, 495 - Stand: 12/13 - Centro, Nova Iguaçu - RJ, 26285-060",21) 2667-8808,,,,Assistência de computadores e notebooks,Assistência de computadores e notebooks,True,https://www.facebook.com/Notebook-Hall-1450960391789262/,3.5,,"Nova Iguaçu, RJ",Centro,"https://www.google.com/maps/place/Notebook+Hall+Inform%C3%A1tica/@-22.7344371,-43.5184642,13z/data=!4m10!1m2!2m1!1sassistencia+de+computadores+e+notebooks+em+Nova+Igua%C3%A7u,+RJ!3m6!1s0x9962d0d6656f0d:0x6ba2b7ed1e02eb89!8m2!3d-22.7539545!4d-43.4549613!15sCjthc3Npc3RlbmNpYSBkZSBjb21wdXRhZG9yZXMgZSBub3RlYm9va3MgZW0gTm92YSBJZ3Vhw6d1LCBSSlo8Ijphc3Npc3RlbmNpYSBkZSBjb21wdXRhZG9yZXMgZSBub3RlYm9va3MgZW0gbm92YSBpZ3Vhw6d1IHJqkgEXY29tcHV0ZXJfcmVwYWlyX3NlcnZpY2WaASNDaFpEU1VoTk1HOW5TMFZKUTBGblNVUm9jM0JZZDBkbkVBReABAPoBBAgAED8!16s%2Fg%2F1pzx3z6sn?entry=ttu&g_ep=EgoyMDI2MDYyMy4wIKXMDSoASAFQAw%3D%3D",0x9962d0d6656f0d:0x6ba2b7ed1e02eb89
VPN Informática,"R. Comendador Soares, 75 - Loja - Centro, Nova Iguaçu - RJ, 26255-350",21) 3742-3058,,,,Assistência de computadores e notebooks,Assistência de computadores e notebooks,True,https://vpninformatica.com.br/,4.9,,"Nova Iguaçu, RJ",Centro,"https://www.google.com/maps/place/VPN+Inform%C3%A1tica/@-22.7344371,-43.5184642,13z/data=!4m10!1m2!2m1!1sassistencia+de+computadores+e+notebooks+em+Nova+Igua%C3%A7u,+RJ!3m6!1s0x996706b9f2007d:0xae3822794ee2b7d3!8m2!3d-22.7594806!4d-43.4554756!15sCjthc3Npc3RlbmNpYSBkZSBjb21wdXRhZG9yZXMgZSBub3RlYm9va3MgZW0gTm92YSBJZ3Vhw6d1LCBSSlo8Ijphc3Npc3RlbmNpYSBkZSBjb21wdXRhZG9yZXMgZSBub3RlYm9va3MgZW0gbm92YSBpZ3Vhw6d1IHJqkgEXY29tcHV0ZXJfcmVwYWlyX3NlcnZpY2WaASRDaGREU1VoTk1HOW5TMFZKUTBGblNVUnFiVFpITjIxUlJSQULgAQD6AQQIdxA7!16s%2Fg%2F11c31xzqq5?entry=ttu&g_ep=EgoyMDI2MDYyMy4wIKXMDSoASAFQAw%3D%3D",0x996706b9f2007d:0xae3822794ee2b7d3
Aqui Tem Informática - Centro de Nova Iguaçu / RJ,"R. Otávio Tarquino, 597 - Loja 139 - Centro, Nova Iguaçu - RJ, 26215-341",21) 3851-0998,,,,Assistência de computadores e notebooks,Assistência de computadores e notebooks,True,https://www.aquiteminformatica.com.br/,4.7,,"Nova Iguaçu, RJ",Centro,"https://www.google.com/maps/place/Aqui+Tem+Inform%C3%A1tica+-+Centro+de+Nova+Igua%C3%A7u+%2F+RJ/@-22.7344371,-43.5184642,13z/data=!4m11!1m3!2m2!1sassistencia+de+computadores+e+notebooks+em+Nova+Igua%C3%A7u,+RJ!6e6!3m6!1s0x9967aa5516bf8b:0xd8442d213d9d0983!8m2!3d-22.7557828!4d-43.4477222!15sCjthc3Npc3RlbmNpYSBkZSBjb21wdXRhZG9yZXMgZSBub3RlYm9va3MgZW0gTm92YSBJZ3Vhw6d1LCBSSlo8Ijphc3Npc3RlbmNpYSBkZSBjb21wdXRhZG9yZXMgZSBub3RlYm9va3MgZW0gbm92YSBpZ3Vhw6d1IHJqkgEOY29tcHV0ZXJfc3RvcmWaAURDaTlEUVVsUlFVTnZaRU5vZEhsalJqbHZUMjVvTVUwd1ozbFdSemg1WkRGQ2MyVkdUbTVOVkdNMVlrZGtjRkpXUlJBQuABAPoBBAhJEBA!16s%2Fg%2F11tfwmwsll?entry=ttu&g_ep=EgoyMDI2MDYyMy4wIKXMDSoASAFQAw%3D%3D",0x9967aa5516bf8b:0xd8442d213d9d0983
Tecman Informática,"Rua Luiz Sobral.º 1307 - Rancho Novo, Nova Iguaçu - RJ, 26013-736",21) 98264-3759,21) 98264-3759,,,Assistência de computadores e notebooks,Assistência de computadores e notebooks,False,,4.8,,"Nova Iguaçu, RJ",Rancho Novo,"https://www.google.com/maps/place/Tecman+Inform%C3%A1tica/@-22.7344371,-43.5184642,13z/data=!4m11!1m3!2m2!1sassistencia+de+computadores+e+notebooks+em+Nova+Igua%C3%A7u,+RJ!6e6!3m6!1s0x99664c1dada44b:0x1ad65c0f8d6c0ea2!8m2!3d-22.7478061!4d-43.440297!15sCjthc3Npc3RlbmNpYSBkZSBjb21wdXRhZG9yZXMgZSBub3RlYm9va3MgZW0gTm92YSBJZ3Vhw6d1LCBSSlo8Ijphc3Npc3RlbmNpYSBkZSBjb21wdXRhZG9yZXMgZSBub3RlYm9va3MgZW0gbm92YSBpZ3Vhw6d1IHJqkgEOY29tcHV0ZXJfc3RvcmWaASNDaFpEU1VoTk1HOW5TMFZKUTBGblNVUm9YMlpMTjFsUkVBReABAPoBBAgAEBE!16s%2Fg%2F11f4klqvlw?entry=ttu&g_ep=EgoyMDI2MDYyMy4wIKXMDSoASAFQAw%3D%3D",0x99664c1dada44b:0x1ad65c0f8d6c0ea2
Cpu Tech - Conserto e manutenção de Notebooks/Vídeo Games Xbox 360 - Xbox One / PS3 - PS4 - Controles.,"R. Lucília, N° 440 - Jardim Canaa, Nova Iguaçu - RJ, 26263-210",21) 93500-7913,21) 93500-7913,,,Assistência de computadores e notebooks,Assistência de computadores e notebooks,False,,4.9,,"Nova Iguaçu, RJ",Jardim Canaa,"https://www.google.com/maps/place/Cpu+Tech+-+Conserto+e+manuten%C3%A7%C3%A3o+de+Notebooks%2FV%C3%ADdeo+Games+Xbox+360+-+Xbox+One+%2F+PS3+-+PS4+-+Controles./@-22.7344371,-43.5184642,13z/data=!4m11!1m3!2m2!1sassistencia+de+computadores+e+notebooks+em+Nova+Igua%C3%A7u,+RJ!6e6!3m6!1s0x9967c388088d83:0xd0c28291260868af!8m2!3d-22.7502762!4d-43.4796144!15sCjthc3Npc3RlbmNpYSBkZSBjb21wdXRhZG9yZXMgZSBub3RlYm9va3MgZW0gTm92YSBJZ3Vhw6d1LCBSSlo8Ijphc3Npc3RlbmNpYSBkZSBjb21wdXRhZG9yZXMgZSBub3RlYm9va3MgZW0gbm92YSBpZ3Vhw6d1IHJqkgEXY29tcHV0ZXJfcmVwYWlyX3NlcnZpY2WaASNDaFpEU1VoTk1HOW5TMFZKUTBGblNVUkVNM0J1YjBSQkVBReABAPoBBAguEA8!16s%2Fg%2F11jb4k7bc4?entry=ttu&g_ep=EgoyMDI2MDYyMy4wIKXMDSoASAFQAw%3D%3D",0x9967c388088d83:0xd0c28291260868af
Assistência técnica computador | Nova Iguaçu,"R. Dr. Osvaldo Gouvêia, 192 - Jardim Canaan, Nova Iguaçu - RJ, 26263-300",21) 98223-6466,21) 98223-6466,,,Assistência de computadores e notebooks,Assistência de computadores e notebooks,True,http://www.newhelpinformatica.com.br/,5.0,,"Nova Iguaçu, RJ",Jardim Canaan,"https://www.google.com/maps/place/Assist%C3%AAncia+t%C3%A9cnica+computador+%7C+Nova+Igua%C3%A7u/@-22.7344371,-43.5184642,13z/data=!4m11!1m3!2m2!1sassistencia+de+computadores+e+notebooks+em+Nova+Igua%C3%A7u,+RJ!6e6!3m6!1s0x99677c34cd4f4b:0x1b94bae90d61d1a9!8m2!3d-22.7526311!4d-43.4814246!15sCjthc3Npc3RlbmNpYSBkZSBjb21wdXRhZG9yZXMgZSBub3RlYm9va3MgZW0gTm92YSBJZ3Vhw6d1LCBSSlo8Ijphc3Npc3RlbmNpYSBkZSBjb21wdXRhZG9yZXMgZSBub3RlYm9va3MgZW0gbm92YSBpZ3Vhw6d1IHJqkgEaY29tcHV0ZXJfbmV0d29ya2luZ19jZW50ZXKaASNDaFpEU1VoTk1HOW5TMFZKUTBGblRVTjNPVjl4WWtsbkVBReABAPoBBAhCEA0!16s%2Fg%2F1jgm35dl5?entry=ttu&g_ep=EgoyMDI2MDYyMy4wIKXMDSoASAFQAw%3D%3D",0x99677c34cd4f4b:0x1b94bae90d61d1a9
Loja Monotech,"R. Manoel Ferreira Campar, 471 - Vila Camari, Nova Iguaçu - RJ, 26021-060",21) 98369-8245,21) 98369-8245,,,Assistência de computadores e notebooks,Assistência de computadores e notebooks,False,,5.0,,"Nova Iguaçu, RJ",Vila Camari,"https://www.google.com/maps/place/Loja+Monotech/@-22.7344371,-43.5184642,13z/data=!4m11!1m3!2m2!1sassistencia+de+computadores+e+notebooks+em+Nova+Igua%C3%A7u,+RJ!6e6!3m6!1s0x99672619370fb1:0x581bee97e7476d22!8m2!3d-22.7377129!4d-43.448669!15sCjthc3Npc3RlbmNpYSBkZSBjb21wdXRhZG9yZXMgZSBub3RlYm9va3MgZW0gTm92YSBJZ3Vhw6d1LCBSSlo8Ijphc3Npc3RlbmNpYSBkZSBjb21wdXRhZG9yZXMgZSBub3RlYm9va3MgZW0gbm92YSBpZ3Vhw6d1IHJqkgEXY29tcHV0ZXJfcmVwYWlyX3NlcnZpY2WaASNDaFpEU1VoTk1HOW5TMFZKUTBGblNVTndhMUEzWldGUkVBReABAPoBBAhpEBA!16s%2Fg%2F11v5x6ksml?entry=ttu&g_ep=EgoyMDI2MDYyMy4wIKXMDSoASAFQAw%3D%3D",0x99672619370fb1:0x581bee97e7476d22
TECM TECNOLOGIA Conserto de Impressora,"R. João Venâncio de Figueiredo, 1.147B - LJ. D - Posse, Nova Iguaçu - RJ, 26020-001",21) 98929-9770,21) 98929-9770,,,Assistência de computadores e notebooks,Assistência de computadores e notebooks,True,http://tecm.com.br/,5.0,,"Nova Iguaçu, RJ",Posse,"https://www.google.com/maps/place/TECM+TECNOLOGIA+Conserto+de+Impressora/@-22.7344371,-43.5184642,13z/data=!4m11!1m3!2m2!1sassistencia+de+computadores+e+notebooks+em+Nova+Igua%C3%A7u,+RJ!6e6!3m6!1s0x99673dd80d8031:0x7638b86b1f5a1ffd!8m2!3d-22.7310568!4d-43.4505934!15sCjthc3Npc3RlbmNpYSBkZSBjb21wdXRhZG9yZXMgZSBub3RlYm9va3MgZW0gTm92YSBJZ3Vhw6d1LCBSSlo8Ijphc3Npc3RlbmNpYSBkZSBjb21wdXRhZG9yZXMgZSBub3RlYm9va3MgZW0gbm92YSBpZ3Vhw6d1IHJqkgEdY29tcHV0ZXJfc3VwcG9ydF9hbmRfc2VydmljZXOaAURDaTlEUVVsUlFVTnZaRU5vZEhsalJqbHZUMjVzZDA5VlpFSldiRTVFVFdwTk1FMUZNVFJqTVVZMFpETm9WbE15WXhBQuABAPoBBAhwEDI!16s%2Fg%2F11ydhys375?entry=ttu&g_ep=EgoyMDI2MDYyMy4wIKXMDSoASAFQAw%3D%3D",0x99673dd80d8031:0x7638b86b1f5a1ffd
"LD INFO COMPUTADOR, NOTEBOOK E CELULAR","R. Cel. Monteiros de Barros, 954 - Austin, Nova Iguaçu - RJ, 26087-185",21) 96401-7453,21) 96401-7453,,,Assistência de computadores e notebooks,Assistência de computadores e notebooks,True,http://ld-info.ueniweb.com/,4.9,,"Nova Iguaçu, RJ",Austin,"https://www.google.com/maps/place/LD+INFO+COMPUTADOR,+NOTEBOOK+E+CELULAR/@-22.7141599,-43.60051,13z/data=!4m11!1m3!2m2!1sassistencia+de+computadores+e+notebooks+em+Nova+Igua%C3%A7u,+RJ!6e6!3m6!1s0x995d1e6a6bae35:0xa1f7de32d4efa77d!8m2!3d-22.7141599!4d-43.5284122!15sCjthc3Npc3RlbmNpYSBkZSBjb21wdXRhZG9yZXMgZSBub3RlYm9va3MgZW0gTm92YSBJZ3Vhw6d1LCBSSlo8Ijphc3Npc3RlbmNpYSBkZSBjb21wdXRhZG9yZXMgZSBub3RlYm9va3MgZW0gbm92YSBpZ3Vhw6d1IHJqkgEOY29tcHV0ZXJfc3RvcmWaAURDaTlEUVVsUlFVTnZaRU5vZEhsalJqbHZUMnRzZDAxdWJEWlVSbFpTVkd4V1NHUXlUbkZrUlU1RlRrWkNTRmt4UlJBQuABAPoBBAguEAw!16s%2Fg%2F11tn8672l8?entry=ttu&g_ep=EgoyMDI2MDYyMy4wIKXMDSoASAFQAw%3D%3D",0x995d1e6a6bae35:0xa1f7de32d4efa77d
informatize informática filial 2,"Av. Abílio Augusto Távora, 594 - 1Nova - Iguaçu, Nova Iguaçu - RJ, 26255-270",21) 99236-5670,https://api.whatsapp.com/send?phone=5521992365670,,,Assistência de computadores e notebooks,Assistência de computadores e notebooks,True,https://informatizeinformatica.meusg.com.br/,5.0,,"Nova Iguaçu, RJ",Iguaçu,"https://www.google.com/maps/place/informatize+inform%C3%A1tica+filial+2/@-22.7610716,-43.5322352,13z/data=!4m11!1m3!2m2!1sassistencia+de+computadores+e+notebooks+em+Nova+Igua%C3%A7u,+RJ!6e6!3m6!1s0x9967f411b14e45:0x905b3ad7981cc4f6!8m2!3d-22.7610716!4d-43.4601374!15sCjthc3Npc3RlbmNpYSBkZSBjb21wdXRhZG9yZXMgZSBub3RlYm9va3MgZW0gTm92YSBJZ3Vhw6d1LCBSSlo8Ijphc3Npc3RlbmNpYSBkZSBjb21wdXRhZG9yZXMgZSBub3RlYm9va3MgZW0gbm92YSBpZ3Vhw6d1IHJqkgEXY29tcHV0ZXJfcmVwYWlyX3NlcnZpY2WaAURDaTlEUVVsUlFVTnZaRU5vZEhsalJqbHZUMjVXVFU1ck9WbE9NamxVVVdwSk1sZHFiR2hXYW14MVkwWlJNVk5IWXhBQuABAPoBBAgZEBA!16s%2Fg%2F11rg703_mq?entry=ttu&g_ep=EgoyMDI2MDYyMy4wIKXMDSoASAFQAw%3D%3D",0x9967f411b14e45:0x905b3ad7981cc4f6
Info Austin Soluções Tecnológicas,"UPA de Austin - R. Cel. Monteiros de Barros, 776b - Próximo a - Austin, Nova Iguaçu - RJ, 26087-150",21) 98324-8606,21) 98324-8606,,,Assistência de computadores e notebooks,Assistência de computadores e notebooks,True,http://www.infoaustin.com.br/,4.8,,"Nova Iguaçu, RJ",Austin,"https://www.google.com/maps/place/Info+Austin+Solu%C3%A7%C3%B5es+Tecnol%C3%B3gicas/@-22.7155349,-43.5987501,13z/data=!4m11!1m3!2m2!1sassistencia+de+computadores+e+notebooks+em+Nova+Igua%C3%A7u,+RJ!6e6!3m6!1s0x995b806b7ea1e7:0xcb6a0bf303ff601f!8m2!3d-22.7155349!4d-43.5266523!15sCjthc3Npc3RlbmNpYSBkZSBjb21wdXRhZG9yZXMgZSBub3RlYm9va3MgZW0gTm92YSBJZ3Vhw6d1LCBSSlo8Ijphc3Npc3RlbmNpYSBkZSBjb21wdXRhZG9yZXMgZSBub3RlYm9va3MgZW0gbm92YSBpZ3Vhw6d1IHJqkgEWcHJpbnRlcl9yZXBhaXJfc2VydmljZZoBJENoZERTVWhOTUc5blMwVkpRMEZuU1VSSWJXTkRaR3BSUlJBQuABAPoBBAgAEDU!16s%2Fg%2F11f3jxphh7?entry=ttu&g_ep=EgoyMDI2MDYyMy4wIKXMDSoASAFQAw%3D%3D",0x995b806b7ea1e7:0xcb6a0bf303ff601f
MR Tech Informática,"R. Prof. Heleno Fragoso, 999 - Jardim Iguaçu, Nova Iguaçu - RJ, 26282-011",21) 3773-7577,,https://instagram.com/mrtechinformatica?utm_medium=copy_link,,Assistência de computadores e notebooks,Assistência de computadores e notebooks,False,https://instagram.com/mrtechinformatica?utm_medium=copy_link,4.9,,"Nova Iguaçu, RJ",Jardim Iguaçu,"https://www.google.com/maps/place/MR+Tech+Inform%C3%A1tica/@-22.7610716,-43.5322352,13z/data=!4m11!1m3!2m2!1sassistencia+de+computadores+e+notebooks+em+Nova+Igua%C3%A7u,+RJ!6e6!3m6!1s0x99679770dbd6a7:0x240ee4f417ecec89!8m2!3d-22.7408231!4d-43.4669941!15sCjthc3Npc3RlbmNpYSBkZSBjb21wdXRhZG9yZXMgZSBub3RlYm9va3MgZW0gTm92YSBJZ3Vhw6d1LCBSSlo8Ijphc3Npc3RlbmNpYSBkZSBjb21wdXRhZG9yZXMgZSBub3RlYm9va3MgZW0gbm92YSBpZ3Vhw6d1IHJqkgEaY29tcHV0ZXJfYWNjZXNzb3JpZXNfc3RvcmXgAQA!16s%2Fg%2F11f15m8kbd?entry=ttu&g_ep=EgoyMDI2MDYyMy4wIKXMDSoASAFQAw%3D%3D",0x99679770dbd6a7:0x240ee4f417ecec89
Be3informatica e Gráfica Rápida.,"R. Quinze de Novembro, 34 - Austin, Nova Iguaçu - RJ, 26086-430",21) 99416-1935,21) 99416-1935,,,Assistência de computadores e notebooks,Assistência de computadores e notebooks,True,http://be3informatica.loja2.com.br/,4.9,,"Nova Iguaçu, RJ",Austin,"https://www.google.com/maps/place/Be3informatica+e+Gr%C3%A1fica+R%C3%A1pida./@-22.7155349,-43.5987501,13z/data=!4m11!1m3!2m2!1sassistencia+de+computadores+e+notebooks+em+Nova+Igua%C3%A7u,+RJ!6e6!3m6!1s0x995ce2620868c5:0x37bdea2f29f93b0e!8m2!3d-22.7206371!4d-43.5231409!15sCjthc3Npc3RlbmNpYSBkZSBjb21wdXRhZG9yZXMgZSBub3RlYm9va3MgZW0gTm92YSBJZ3Vhw6d1LCBSSlo8Ijphc3Npc3RlbmNpYSBkZSBjb21wdXRhZG9yZXMgZSBub3RlYm9va3MgZW0gbm92YSBpZ3Vhw6d1IHJqkgEOY29tcHV0ZXJfc3RvcmWaASNDaFpEU1VoTk1HOW5TMFZKUTBGblRVTkJjVGN0Y1VkbkVBReABAPoBBAgAEB8!16s%2Fg%2F11bykzvqgg?entry=ttu&g_ep=EgoyMDI2MDYyMy4wIKXMDSoASAFQAw%3D%3D",0x995ce2620868c5:0x37bdea2f29f93b0e
VR INFORMÁTICA,"R. Dr. Renato, 57 - Austin, Nova Iguaçu - RJ, 26087-030",21) 96771-9581,21) 96771-9581,,,Assistência de computadores e notebooks,Assistência de computadores e notebooks,False,,5.0,,"Nova Iguaçu, RJ",Austin,"https://www.google.com/maps/place/VR+INFORM%C3%81TICA/@-22.7194719,-43.5902975,13z/data=!4m11!1m3!2m2!1sassistencia+de+computadores+e+notebooks+em+Nova+Igua%C3%A7u,+RJ!6e6!3m6!1s0x995d1ea5a6201f:0xe11204bca5ee7c1c!8m2!3d-22.7194719!4d-43.5181997!15sCjthc3Npc3RlbmNpYSBkZSBjb21wdXRhZG9yZXMgZSBub3RlYm9va3MgZW0gTm92YSBJZ3Vhw6d1LCBSSlo8Ijphc3Npc3RlbmNpYSBkZSBjb21wdXRhZG9yZXMgZSBub3RlYm9va3MgZW0gbm92YSBpZ3Vhw6d1IHJqkgEXY29tcHV0ZXJfcmVwYWlyX3NlcnZpY2XgAQA!16s%2Fg%2F11fzt9mltm?entry=ttu&g_ep=EgoyMDI2MDYyMy4wIKXMDSoASAFQAw%3D%3D",0x995d1ea5a6201f:0xe11204bca5ee7c1c
Rtech (Serviços e manutenção de Computadores e notebooks),"R. José Marques, 17 - Vila Nascente, Queimados - RJ, 26310-150",21) 98777-0061,21) 98777-0061,,,Assistência de computadores e notebooks,Assistência de computadores e notebooks,False,,5.0,,"Nova Iguaçu, RJ",Vila Nascente,"https://www.google.com/maps/place/Rtech+(Servi%C3%A7os+e+manuten%C3%A7%C3%A3o+de+Computadores+e+notebooks)/@-22.7194719,-43.5902975,13z/data=!4m11!1m3!2m2!1sassistencia+de+computadores+e+notebooks+em+Nova+Igua%C3%A7u,+RJ!6e6!3m6!1s0x995da5d159b067:0x89b9dc0d6d354325!8m2!3d-22.7223348!4d-43.5569033!15sCjthc3Npc3RlbmNpYSBkZSBjb21wdXRhZG9yZXMgZSBub3RlYm9va3MgZW0gTm92YSBJZ3Vhw6d1LCBSSlo8Ijphc3Npc3RlbmNpYSBkZSBjb21wdXRhZG9yZXMgZSBub3RlYm9va3MgZW0gbm92YSBpZ3Vhw6d1IHJqkgEQY29tcHV0ZXJfc2VydmljZZoBRENpOURRVWxSUVVOdlpFTm9kSGxqUmpsdlQyMUtkbEZWZERGaU0xcHNXVzA1YVUxSE9XaFpWVlpoWTJ0NGRGUkZSUkFC4AEA-gEECAAQPQ!16s%2Fg%2F11mstgnphk?entry=ttu&g_ep=EgoyMDI2MDYyMy4wIKXMDSoASAFQAw%3D%3D",0x995da5d159b067:0x89b9dc0d6d354325
InforesidencialRJ | Assistência Técnica Computadores,"Av. Dep. Almeida Franco, 136 - Jardim Olavo Bilac, Duque de Caxias - RJ, 25025-350",21) 98371-9310,21) 98371-9310,,,Assistência de computadores e notebooks,Assistência de computadores e notebooks,True,https://inforesidencial.com.br/,5.0,,"Nova Iguaçu, RJ",Jardim Olavo Bilac,"https://www.google.com/maps/place/InforesidencialRJ+%7C+Assist%C3%AAncia+T%C3%A9cnica+Computadores/@-22.7755162,-43.3994775,13z/data=!4m11!1m3!2m2!1sassistencia+de+computadores+e+notebooks+em+Nova+Igua%C3%A7u,+RJ!6e6!3m6!1s0x997b38d672b5cb:0xf00bb39e9bd6859c!8m2!3d-22.7755162!4d-43.3273797!15sCjthc3Npc3RlbmNpYSBkZSBjb21wdXRhZG9yZXMgZSBub3RlYm9va3MgZW0gTm92YSBJZ3Vhw6d1LCBSSlo8Ijphc3Npc3RlbmNpYSBkZSBjb21wdXRhZG9yZXMgZSBub3RlYm9va3MgZW0gbm92YSBpZ3Vhw6d1IHJqkgEXY29tcHV0ZXJfcmVwYWlyX3NlcnZpY2WaASRDaGREU1VoTk1HOW5TMFZKUTBGblNVTjFOalo2U1dkQlJSQULgAQD6AQQIABA3!16s%2Fg%2F11l_d219g3?entry=ttu&g_ep=EgoyMDI2MDYyMy4wIKXMDSoASAFQAw%3D%3D",0x997b38d672b5cb:0xf00bb39e9bd6859c
Grupo Xfone - Assistência Técnica Apple e Reparo de Notebooks,"R. Nunes Alves, 75 - Sala 203 - Centro, Duque de Caxias - RJ, 25020-085",21) 96942-6020,21) 96942-6020,,,Assistência de computadores e notebooks,Assistência de computadores e notebooks,True,http://www.grupoxfone.com.br/,4.7,,"Nova Iguaçu, RJ",Centro,"https://www.google.com/maps/place/Grupo+Xfone+-+Assist%C3%AAncia+T%C3%A9cnica+Apple+e+Reparo+de+Notebooks/@-22.7755162,-43.3994775,13z/data=!4m11!1m3!2m2!1sassistencia+de+computadores+e+notebooks+em+Nova+Igua%C3%A7u,+RJ!6e6!3m6!1s0x997aeb97da3129:0xe6b445d7760292c4!8m2!3d-22.7858926!4d-43.3104678!15sCjthc3Npc3RlbmNpYSBkZSBjb21wdXRhZG9yZXMgZSBub3RlYm9va3MgZW0gTm92YSBJZ3Vhw6d1LCBSSlo8Ijphc3Npc3RlbmNpYSBkZSBjb21wdXRhZG9yZXMgZSBub3RlYm9va3MgZW0gbm92YSBpZ3Vhw6d1IHJqkgEUcGhvbmVfcmVwYWlyX3NlcnZpY2WaAURDaTlEUVVsUlFVTnZaRU5vZEhsalJqbHZUMjVDYW1Nd2JFNVJha0pvVkZSQ1dGWnNaM2hOUjJNeFRWUkdkMDB3UlJBQuABAPoBBQjNARA8!16s%2Fg%2F11fzd0h1n3?entry=ttu&g_ep=EgoyMDI2MDYyMy4wIKXMDSoASAFQAw%3D%3D",0x997aeb97da3129:0xe6b445d7760292c4
Assistência Técnica Moises da Info,"Estr. Gov. Leonel Brizola, 1117 - Palhada, Nova Iguaçu - RJ, 26290-015",21) 2698-7925,,,,Assistência de computadores e notebooks,Assistência de computadores e notebooks,False,,4.5,,"Nova Iguaçu, RJ",Palhada,"https://www.google.com/maps/place/Assist%C3%AAncia+T%C3%A9cnica+Moises+da+Info/@-22.7625759,-43.5933343,13z/data=!4m11!1m3!2m2!1sassistencia+de+computadores+e+notebooks+em+Nova+Igua%C3%A7u,+RJ!6e6!3m6!1s0x995dd2bc089263:0xc8b999e259ab7632!8m2!3d-22.7625759!4d-43.5212365!15sCjthc3Npc3RlbmNpYSBkZSBjb21wdXRhZG9yZXMgZSBub3RlYm9va3MgZW0gTm92YSBJZ3Vhw6d1LCBSSlo8Ijphc3Npc3RlbmNpYSBkZSBjb21wdXRhZG9yZXMgZSBub3RlYm9va3MgZW0gbm92YSBpZ3Vhw6d1IHJqkgEOY29tcHV0ZXJfc3RvcmWaASRDaGREU1VoTk1HOW5TMFZKUTBGblNVTktOSEZFTVMxM1JSQULgAQD6AQQIABAu!16s%2Fg%2F11bymvbmgp?entry=ttu&g_ep=EgoyMDI2MDYyMy4wIKXMDSoASAFQAw%3D%3D",0x995dd2bc089263:0xc8b999e259ab7632
AtivaDex Informática,"Av. Gov. Roberto Silveira, 495 - loja 16 - Centro, Nova Iguaçu - RJ, 26210-210",21) 97549-6632,21) 97549-6632,,,Assistência de computadores e notebooks,Assistência de computadores e notebooks,True,http://www.ativadex.com.br/,4.7,,"Nova Iguaçu, RJ",Centro,"https://www.google.com/maps/place/AtivaDex+Inform%C3%A1tica/@-22.7582333,-43.521904,13z/data=!4m11!1m3!2m2!1sassistencia+de+computadores+e+notebooks+em+Nova+Igua%C3%A7u,+RJ!6e6!3m6!1s0x99670db4009c73:0x91cb909690ade9c6!8m2!3d-22.7539545!4d-43.4549613!15sCjthc3Npc3RlbmNpYSBkZSBjb21wdXRhZG9yZXMgZSBub3RlYm9va3MgZW0gTm92YSBJZ3Vhw6d1LCBSSlo8Ijphc3Npc3RlbmNpYSBkZSBjb21wdXRhZG9yZXMgZSBub3RlYm9va3MgZW0gbm92YSBpZ3Vhw6d1IHJqkgEOY29tcHV0ZXJfc3RvcmWaASRDaGREU1VoTk1HOW5TMFZKUTBGblNVUkNYMDFJYjJwQlJSQULgAQD6AQQILRA1!16s%2Fg%2F11j4y8bcf_?entry=ttu&g_ep=EgoyMDI2MDYyMy4wIKXMDSoASAFQAw%3D%3D",0x99670db4009c73:0x91cb909690ade9c6
"Yuri Tech Reparos - Assistência Técnica de Computadores, Notebooks e Celulares","R. Bráulio, 86 - Loja A - Santo Elias, Mesquita - RJ, 26560-580",21) 97013-4982,21) 97013-4982,,,Assistência de computadores e notebooks,Assistência de computadores e notebooks,True,https://yuritech.surge.sh/#/,4.9,,"Nova Iguaçu, RJ",Santo Elias,"https://www.google.com/maps/place/Yuri+Tech+Reparos+-+Assist%C3%AAncia+T%C3%A9cnica+de+Computadores,+Notebooks+e+Celulares/@-22.7582333,-43.521904,13z/data=!4m11!1m3!2m2!1sassistencia+de+computadores+e+notebooks+em+Nova+Igua%C3%A7u,+RJ!6e6!3m6!1s0x9967f86546ecaf:0x3ee7b477ed2d6d66!8m2!3d-22.7690906!4d-43.4293398!15sCjthc3Npc3RlbmNpYSBkZSBjb21wdXRhZG9yZXMgZSBub3RlYm9va3MgZW0gTm92YSBJZ3Vhw6d1LCBSSlo8Ijphc3Npc3RlbmNpYSBkZSBjb21wdXRhZG9yZXMgZSBub3RlYm9va3MgZW0gbm92YSBpZ3Vhw6d1IHJqkgEXY29tcHV0ZXJfcmVwYWlyX3NlcnZpY2WaASNDaFpEU1VoTk1HOW5TMFZKUTBGblRVUm5aMHh0WWxkQkVBReABAPoBBAgAEDE!16s%2Fg%2F11k63gjd6h?entry=ttu&g_ep=EgoyMDI2MDYyMy4wIKXMDSoASAFQAw%3D%3D",0x9967f86546ecaf:0x3ee7b477ed2d6d66
Technogama Informática,"Rua Getúlio Vargas, n° 87 - Loja 02 - Centro, Nova Iguaçu - RJ, 26255-060",21) 2666-7781,,https://www.instagram.com/technogamainf,,Assistência de computadores e notebooks,Assistência de computadores e notebooks,False,https://www.instagram.com/technogamainf,3.9,,"Nova Iguaçu, RJ",Centro,"https://www.google.com/maps/place/Technogama+Inform%C3%A1tica/@-22.7616156,-43.5226856,13z/data=!4m11!1m3!2m2!1sassistencia+de+computadores+e+notebooks+em+Nova+Igua%C3%A7u,+RJ!6e6!3m6!1s0x99654576e502df:0xe3a9489d5ba93e29!8m2!3d-22.7616156!4d-43.4505878!15sCjthc3Npc3RlbmNpYSBkZSBjb21wdXRhZG9yZXMgZSBub3RlYm9va3MgZW0gTm92YSBJZ3Vhw6d1LCBSSlo8Ijphc3Npc3RlbmNpYSBkZSBjb21wdXRhZG9yZXMgZSBub3RlYm9va3MgZW0gbm92YSBpZ3Vhw6d1IHJqkgEOY29tcHV0ZXJfc3RvcmXgAQA!16s%2Fg%2F11jy_0k8rb?entry=ttu&g_ep=EgoyMDI2MDYyMy4wIKXMDSoASAFQAw%3D%3D",0x99654576e502df:0xe3a9489d5ba93e29
Intermidia,"Estr. dos Três Rios, 1200 844 - Freguesia (Jacarepaguá), Rio de Janeiro - RJ, 22745-005",21) 2532-7231,,https://www.instagram.com/spaceltda,,Assistência de impressoras,Assistência de impressoras,True,http://intermidiainformatica.com.br/,5.0,,"Nova Iguaçu, RJ",Freguesia (Jacarepaguá),"https://www.google.com/maps/place/Intermidia/@-22.936599,-43.4765256,12z/data=!4m9!1m2!2m1!1sassistencia+de+impressoras+em+Nova+Igua%C3%A7u,+RJ!3m5!1s0x997f622b86cbad:0xe494dde9dd529d83!8m2!3d-22.9365987!4d-43.3323304!16s%2Fg%2F1thfgnql?entry=ttu&g_ep=EgoyMDI2MDYyMy4wIKXMDSoASAFQAw%3D%3D",0x997f622b86cbad:0xe494dde9dd529d83
Padrão Printer,"Av. Gen. Sólon Ribeiro, 222 - Engenho do Porto, Duque de Caxias - RJ, 25015-210",21) 97022-6162,21) 97022-6162,https://www.instagram.com/spaceltda,,Assistência de impressoras,Assistência de impressoras,False,,4.6,,"Nova Iguaçu, RJ",Engenho do Porto,"https://www.google.com/maps/place/Padr%C3%A3o+Printer/@-22.752971,-43.4147313,12z/data=!4m10!1m2!2m1!1sassistencia+de+impressoras+em+Nova+Igua%C3%A7u,+RJ!3m6!1s0x997ac3edb3a7eb:0xcf4f55d45938fcc3!8m2!3d-22.7903394!4d-43.3185104!15sCi5hc3Npc3RlbmNpYSBkZSBpbXByZXNzb3JhcyBlbSBOb3ZhIElndWHDp3UsIFJKWi8iLWFzc2lzdGVuY2lhIGRlIGltcHJlc3NvcmFzIGVtIG5vdmEgaWd1YcOndSByapIBF2NvbXB1dGVyX3JlcGFpcl9zZXJ2aWNlmgFEQ2k5RFFVbFJRVU52WkVOb2RIbGpSamx2VDJ4T1YxZ3lUak5rYW1SS1kxWmtUVmxyVVRSU01tZzFWRzFTU1U1V1JSQULgAQD6AQQIIBAR!16s%2Fg%2F11g86m38ck?entry=ttu&g_ep=EgoyMDI2MDYyMy4wIKXMDSoASAFQAw%3D%3D",0x997ac3edb3a7eb:0xcf4f55d45938fcc3
Marco Impressoras e Computadores,"Av. Duque de Caxias, 207 - loja B - Jardim Vinte e Cinco de Agosto, Duque de Caxias - RJ, 25070-070",21) 2671-2894,,https://www.instagram.com/spaceltda,,Assistência de impressoras,Assistência de impressoras,False,,4.6,,"Nova Iguaçu, RJ",Jardim Vinte e Cinco de Agosto,"https://www.google.com/maps/place/Marco+Impressoras+e+Computadores/@-22.752971,-43.4147313,12z/data=!4m10!1m2!2m1!1sassistencia+de+impressoras+em+Nova+Igua%C3%A7u,+RJ!3m6!1s0x156183f77daae9f:0x284203d01cf3d929!8m2!3d-22.7845275!4d-43.3081468!15sCi5hc3Npc3RlbmNpYSBkZSBpbXByZXNzb3JhcyBlbSBOb3ZhIElndWHDp3UsIFJKWi8iLWFzc2lzdGVuY2lhIGRlIGltcHJlc3NvcmFzIGVtIG5vdmEgaWd1YcOndSByapIBHWNvbXB1dGVyX3N1cHBvcnRfYW5kX3NlcnZpY2VzmgEkQ2hkRFNVaE5NRzluUzBWSlEwRm5TVU5zTFdOSVFuRlJSUkFC4AEA-gEECCMQDA!16s%2Fg%2F1tm2bx9z?entry=ttu&g_ep=EgoyMDI2MDYyMy4wIKXMDSoASAFQAw%3D%3D",0x156183f77daae9f:0x284203d01cf3d929
Infoduke Rio,"Av. Pres. Tancredo Neves, 426 - Itatiaia, Duque de Caxias - RJ, 25070-097",21) 98876-5586,21) 98876-5586,https://www.instagram.com/spaceltda,,Assistência de impressoras,Assistência de impressoras,True,https://www.facebook.com/profile.php?id=100014595485101,4.7,,"Nova Iguaçu, RJ",Itatiaia,"https://www.google.com/maps/place/Infoduke+Rio/@-22.752971,-43.4147313,12z/data=!4m10!1m2!2m1!1sassistencia+de+impressoras+em+Nova+Igua%C3%A7u,+RJ!3m6!1s0x997ba3e3c265cd:0x952e5853491155df!8m2!3d-22.7785139!4d-43.3028098!15sCi5hc3Npc3RlbmNpYSBkZSBpbXByZXNzb3JhcyBlbSBOb3ZhIElndWHDp3UsIFJKWi8iLWFzc2lzdGVuY2lhIGRlIGltcHJlc3NvcmFzIGVtIG5vdmEgaWd1YcOndSByapIBFnByaW50ZXJfcmVwYWlyX3NlcnZpY2WaASRDaGREU1VoTk1HOW5TMFZKUTBGblNVUmxPRzlNVXpWblJSQULgAQD6AQUIkwIQLw!16s%2Fg%2F11qmm90l5f?entry=ttu&g_ep=EgoyMDI2MDYyMy4wIKXMDSoASAFQAw%3D%3D",0x997ba3e3c265cd:0x952e5853491155df
"Best Print Estamparia, Gráfica e Manutenção de impressoras","Av. Nilo Peçanha, 292 Rua Sebastião de Oliveira, 51 - Vila Meriti Duque de Caxias - RJ, 25020-290 - Vila Meriti, Duque de Caxias - RJ, 25010-144",21) 98286-6999,21) 98286-6999,https://www.instagram.com/spaceltda,,Assistência de impressoras,Assistência de impressoras,False,,5.0,,"Nova Iguaçu, RJ",Vila Meriti,"https://www.google.com/maps/place/Best+Print+Estamparia,+Gr%C3%A1fica+e+Manuten%C3%A7%C3%A3o+de+impressoras/@-22.752971,-43.4147313,12z/data=!4m10!1m2!2m1!1sassistencia+de+impressoras+em+Nova+Igua%C3%A7u,+RJ!3m6!1s0x997bf40cde1f03:0xb9e3d80147205734!8m2!3d-22.7859683!4d-43.3135076!15sCi5hc3Npc3RlbmNpYSBkZSBpbXByZXNzb3JhcyBlbSBOb3ZhIElndWHDp3UsIFJKWi8iLWFzc2lzdGVuY2lhIGRlIGltcHJlc3NvcmFzIGVtIG5vdmEgaWd1YcOndSByapIBEmNvbW1lcmNpYWxfcHJpbnRlcpoBJENoZERTVWhOTUc5blMwVkpRMEZuU1VSb2QyVnROVFJCUlJBQuABAPoBBAgAEA8!16s%2Fg%2F11pcvy3qpj?entry=ttu&g_ep=EgoyMDI2MDYyMy4wIKXMDSoASAFQAw%3D%3D",0x997bf40cde1f03:0xb9e3d80147205734
JS INFORMÁTICA - DTF TEXTIL 88CM - SUBLIMAÇÃO E MATERIAL,"R. Gov. Portela, 1090 - ap 102 - Centro, Nova Iguaçu - RJ, 26221-030",21) 3064-1073,,https://www.instagram.com/spaceltda,,Assistência de impressoras,Assistência de impressoras,True,https://informaticajs.com.br/,4.8,,"Nova Iguaçu, RJ",Centro,"https://www.google.com/maps/place/JS+INFORM%C3%81TICA+-+DTF+TEXTIL+88CM+-+SUBLIMA%C3%87%C3%83O+E+MATERIAL/@-22.7608908,-43.5898301,12z/data=!3m1!5s0x9967002e851d29:0xd309ed1488118c25!4m10!1m2!2m1!1sassistencia+de+impressoras+em+Nova+Igua%C3%A7u,+RJ!3m6!1s0x99670033db6e67:0xdd2a70cc88acf9ae!8m2!3d-22.7608908!4d-43.4456345!15sCi5hc3Npc3RlbmNpYSBkZSBpbXByZXNzb3JhcyBlbSBOb3ZhIElndWHDp3UsIFJKWi8iLWFzc2lzdGVuY2lhIGRlIGltcHJlc3NvcmFzIGVtIG5vdmEgaWd1YcOndSByapIBFGNvcHlpbmdfc3VwcGx5X3N0b3JlmgEkQ2hkRFNVaE5NRzluUzBWSlEwRm5TVU5mTldReU1HMTNSUkFC4AEA-gEFCIcGECw!16s%2Fg%2F11b5plpk_1?entry=ttu&g_ep=EgoyMDI2MDYyMy4wIKXMDSoASAFQAw%3D%3D",0x9967002e851d29:0xd309ed1488118c25
MDCNET AUTOMAÇÃO,"Rua General Câmara, 464 - Jardim Vinte e Cinco de Agosto, Duque de Caxias - RJ, 25070-340",21) 3123-6370,,https://www.instagram.com/spaceltda,,Assistência de impressoras,Assistência de impressoras,True,http://www.mdcnet.com.br/,4.8,,"Nova Iguaçu, RJ",Jardim Vinte e Cinco de Agosto,"https://www.google.com/maps/place/MDCNET+AUTOMA%C3%87%C3%83O/@-22.752971,-43.4147313,12z/data=!4m10!1m2!2m1!1sassistencia+de+impressoras+em+Nova+Igua%C3%A7u,+RJ!3m6!1s0x997a9491e9c91d:0xdec100f1240a3a47!8m2!3d-22.785024!4d-43.306185!15sCi5hc3Npc3RlbmNpYSBkZSBpbXByZXNzb3JhcyBlbSBOb3ZhIElndWHDp3UsIFJKkgESYXV0b21hdGlvbl9jb21wYW554AEA!16s%2Fg%2F11g_w9s7x?entry=ttu&g_ep=EgoyMDI2MDYyMy4wIKXMDSoASAFQAw%3D%3D",0x997a9491e9c91d:0xdec100f1240a3a47
Luciene Dias Manutenção de Impressoras e recarga de cartuchos,"R. Ministro Lafaiete de Andrade - Luz, Nova Iguaçu - RJ, 26261-220",21) 99562-4672,21) 99562-4672,https://www.instagram.com/gjinformaticarj?igsh=dDE1YXJ0ZGpuaGpo,,Assistência de impressoras,Assistência de impressoras,False,,4.9,,"Nova Iguaçu, RJ",Luz,"https://www.google.com/maps/place/Luciene+Dias+Manuten%C3%A7%C3%A3o+de+Impressoras+e+recarga+de+cartuchos/@-22.7612608,-43.591848,12z/data=!4m10!1m2!2m1!1sassistencia+de+impressoras+em+Nova+Igua%C3%A7u,+RJ!3m6!1s0x995d28ccc0f223:0x3cb38e6c26f18c1b!8m2!3d-22.7541956!4d-43.4827762!15sCi5hc3Npc3RlbmNpYSBkZSBpbXByZXNzb3JhcyBlbSBOb3ZhIElndWHDp3UsIFJKWi8iLWFzc2lzdGVuY2lhIGRlIGltcHJlc3NvcmFzIGVtIG5vdmEgaWd1YcOndSByapIBF2NvbXB1dGVyX3JlcGFpcl9zZXJ2aWNlmgFEQ2k5RFFVbFJRVU52WkVOb2RIbGpSamx2VDJwVk5WUllXbXBoYlhneVZGaGFkMVpYWnpOYWJVNVRWR3N3TlZaclJSQULgAQD6AQQIABBI!16s%2Fg%2F11v9z7v5p6?entry=ttu&g_ep=EgoyMDI2MDYyMy4wIKXMDSoASAFQAw%3D%3D",0x995d28ccc0f223:0x3cb38e6c26f18c1b
Max laser Informática caxias,"Av. Governador Leonel de Moura Brizola, 1806 - stand 52 - Centro, Duque de Caxias - RJ, 25010-009",21) 97566-8129,21) 97566-8129,https://www.instagram.com/spaceltda,,Assistência de impressoras,Assistência de impressoras,True,https://www.facebook.com/max.laser.2025,4.8,,"Nova Iguaçu, RJ",Centro,"https://www.google.com/maps/place/Max+laser+Inform%C3%A1tica+caxias/@-22.752971,-43.4147313,12z/data=!4m10!1m2!2m1!1sassistencia+de+impressoras+em+Nova+Igua%C3%A7u,+RJ!3m6!1s0x997ac0182ddec9:0xc885805e0e4cc7c6!8m2!3d-22.7859859!4d-43.3105918!15sCi5hc3Npc3RlbmNpYSBkZSBpbXByZXNzb3JhcyBlbSBOb3ZhIElndWHDp3UsIFJKWi8iLWFzc2lzdGVuY2lhIGRlIGltcHJlc3NvcmFzIGVtIG5vdmEgaWd1YcOndSByapIBFnByaW50ZXJfcmVwYWlyX3NlcnZpY2WaAURDaTlEUVVsUlFVTnZaRU5vZEhsalJqbHZUMnM0TkZsVWEzUmpiR3N5Vm1wV2NtTkdaekpoYlVsM1dqTkNNbVZ0WXhBQuABAPoBBAgAECM!16s%2Fg%2F1ptxvxtzz?entry=ttu&g_ep=EgoyMDI2MDYyMy4wIKXMDSoASAFQAw%3D%3D",0x997ac0182ddec9:0xc885805e0e4cc7c6
Verdan Assistência Técnica em Impressoras,"Av. Comendador Teles, 2620 - Loja 06 - Vilar dos Teles, São João de Meriti - RJ, 25575-815",21) 97013-1068,21) 97013-1068,https://www.instagram.com/spaceltda,,Assistência de impressoras,Assistência de impressoras,False,,4.8,,"Nova Iguaçu, RJ",Vilar dos Teles,"https://www.google.com/maps/place/Verdan+Assist%C3%AAncia+T%C3%A9cnica+em+Impressoras/@-22.7756107,-43.5058856,12z/data=!4m10!1m2!2m1!1sassistencia+de+impressoras+em+Nova+Igua%C3%A7u,+RJ!3m6!1s0x99650f1981b0cf:0x60ddfcc3f098b6f7!8m2!3d-22.7756107!4d-43.36169!15sCi5hc3Npc3RlbmNpYSBkZSBpbXByZXNzb3JhcyBlbSBOb3ZhIElndWHDp3UsIFJKWi8iLWFzc2lzdGVuY2lhIGRlIGltcHJlc3NvcmFzIGVtIG5vdmEgaWd1YcOndSByapIBGHByaW50ZXJfaW5rX3JlZmlsbF9zdG9yZZoBI0NoWkRTVWhOTUc5blMwVkpRMEZuU1VOc2RrNUlaRnBSRUFF4AEA-gEECDYQKw!16s%2Fg%2F11ckx0hgc8?entry=ttu&g_ep=EgoyMDI2MDYyMy4wIKXMDSoASAFQAw%3D%3D",0x99650f1981b0cf:0x60ddfcc3f098b6f7
Allmax manutenção de impressoras,"26215-341, R. Otávio Tarquino, 537 - Centro, Nova Iguaçu - RJ, 26215-341",21) 2668-5501,552126685521,https://www.instagram.com/spaceltda,,Assistência de impressoras,Assistência de impressoras,False,,3.7,,"Nova Iguaçu, RJ",Centro,"https://www.google.com/maps/place/Allmax+manuten%C3%A7%C3%A3o+de+impressoras/@-22.7561357,-43.5922937,12z/data=!4m10!1m2!2m1!1sassistencia+de+impressoras+em+Nova+Igua%C3%A7u,+RJ!3m6!1s0x996706ef542cff:0xef7e8768d444b0ba!8m2!3d-22.7561357!4d-43.4480981!15sCi5hc3Npc3RlbmNpYSBkZSBpbXByZXNzb3JhcyBlbSBOb3ZhIElndWHDp3UsIFJKWi8iLWFzc2lzdGVuY2lhIGRlIGltcHJlc3NvcmFzIGVtIG5vdmEgaWd1YcOndSByapIBFnByaW50ZXJfcmVwYWlyX3NlcnZpY2WaAURDaTlEUVVsUlFVTnZaRU5vZEhsalJqbHZUMnRHYTFKSE1WRk9NbkF4WTFWMFNtSllUbWxrUjJoVVUwZHNabG95WXhBQuABAPoBBQjzARAk!16s%2Fg%2F1tx1vdm5?entry=ttu&g_ep=EgoyMDI2MDYyMy4wIKXMDSoASAFQAw%3D%3D",0x996706ef542cff:0xef7e8768d444b0ba
"TecJá Informática, sua solução especializada e orçamento gratuito! Agende seu horários!","R. Metrovich, 115 - Irajá, Rio de Janeiro - RJ, 21230-050",21) 99294-3590,21) 99294-3590,https://www.instagram.com/spaceltda,,Assistência de impressoras,Assistência de impressoras,True,http://www.tecjainformatica.com.br/,4.6,,"Nova Iguaçu, RJ",Irajá,"https://www.google.com/maps/place/TecJ%C3%A1+Inform%C3%A1tica,+sua+solu%C3%A7%C3%A3o+especializada+e+or%C3%A7amento+gratuito!+Agende+seu+hor%C3%A1rios!/@-22.752971,-43.4147313,12z/data=!4m10!1m2!2m1!1sassistencia+de+impressoras+em+Nova+Igua%C3%A7u,+RJ!3m6!1s0x997dba109447a3:0x8074b17743d58191!8m2!3d-22.8280655!4d-43.3318211!15sCi5hc3Npc3RlbmNpYSBkZSBpbXByZXNzb3JhcyBlbSBOb3ZhIElndWHDp3UsIFJKWi8iLWFzc2lzdGVuY2lhIGRlIGltcHJlc3NvcmFzIGVtIG5vdmEgaWd1YcOndSByapIBF2NvbXB1dGVyX3JlcGFpcl9zZXJ2aWNlmgEkQ2hkRFNVaE5NRzluUzBWSlEwRm5TVU5TY0hSZlVtcEJSUkFC4AEA-gEFCLMBEBs!16s%2Fg%2F11bw7d9t0g?entry=ttu&g_ep=EgoyMDI2MDYyMy4wIKXMDSoASAFQAw%3D%3D",0x997dba109447a3:0x8074b17743d58191
Autorizada Brother e Canon- Total Printer Com. e Serviços Ltda,"Av. Henrique Duque Estrada Meyer, 766 - LOJA - Posse, Nova Iguaçu - RJ, 26030-380",21) 97090-6077,21) 97090-6077,https://www.instagram.com/spaceltda,,Assistência de impressoras,Assistência de impressoras,False,,3.7,,"Nova Iguaçu, RJ",Posse,"https://www.google.com/maps/place/Autorizada+Brother+e+Canon-+Total+Printer+Com.+e+Servi%C3%A7os+Ltda/@-22.7320888,-43.6048048,12z/data=!4m10!1m2!2m1!1sassistencia+de+impressoras+em+Nova+Igua%C3%A7u,+RJ!3m6!1s0x9967b9cb06f0bf:0x7855d399957e6b82!8m2!3d-22.7320888!4d-43.4606092!15sCi5hc3Npc3RlbmNpYSBkZSBpbXByZXNzb3JhcyBlbSBOb3ZhIElndWHDp3UsIFJKWi8iLWFzc2lzdGVuY2lhIGRlIGltcHJlc3NvcmFzIGVtIG5vdmEgaWd1YcOndSByapIBFWNvcGllcl9yZXBhaXJfc2VydmljZZoBI0NoWkRTVWhOTUc5blMwVkpRMEZuU1VObGMyVjJNbVZuRUFF4AEA-gEFCLACEEk!16s%2Fg%2F12qfjw5ll?entry=ttu&g_ep=EgoyMDI2MDYyMy4wIKXMDSoASAFQAw%3D%3D",0x9967b9cb06f0bf:0x7855d399957e6b82
Space Informática,"Av. Pres. Vargas, 187 - Centro, Duque de Caxias - RJ, 25070-330",21) 2782-2579,,https://www.instagram.com/spaceltda,,Assistência de impressoras,Assistência de impressoras,False,https://www.instagram.com/spaceltda/,4.7,,"Nova Iguaçu, RJ",Centro,"https://www.google.com/maps/place/Space+Inform%C3%A1tica/@-22.752971,-43.4147313,12z/data=!4m10!1m2!2m1!1sassistencia+de+impressoras+em+Nova+Igua%C3%A7u,+RJ!3m6!1s0x997aea67c187db:0x26cd8fb75ef4e31d!8m2!3d-22.7887822!4d-43.3090997!15sCi5hc3Npc3RlbmNpYSBkZSBpbXByZXNzb3JhcyBlbSBOb3ZhIElndWHDp3UsIFJKkgEOY29tcHV0ZXJfc3RvcmXgAQA!16s%2Fg%2F1ptzbtqq2?entry=ttu&g_ep=EgoyMDI2MDYyMy4wIKXMDSoASAFQAw%3D%3D",0x997aea67c187db:0x26cd8fb75ef4e31d
Impressão Mania,"R. Cel. Francisco Soares, 534 - Loja A - Centro, Nova Iguaçu - RJ, 26216-032",21) 2695-6131,,https://www.instagram.com/spaceltda,,Assistência de impressoras,Assistência de impressoras,False,,4.0,,"Nova Iguaçu, RJ",Centro,"https://www.google.com/maps/place/Impress%C3%A3o+Mania/@-22.7581281,-43.5878451,12z/data=!4m10!1m2!2m1!1sassistencia+de+impressoras+em+Nova+Igua%C3%A7u,+RJ!3m6!1s0x99673adbe8473b:0xbc9b233ad33e2c6f!8m2!3d-22.7581281!4d-43.4436495!15sCi5hc3Npc3RlbmNpYSBkZSBpbXByZXNzb3JhcyBlbSBOb3ZhIElndWHDp3UsIFJKWi8iLWFzc2lzdGVuY2lhIGRlIGltcHJlc3NvcmFzIGVtIG5vdmEgaWd1YcOndSByapIBGHByaW50ZXJfaW5rX3JlZmlsbF9zdG9yZZoBRENpOURRVWxSUVVOdlpFTm9kSGxqUmpsdlQydDRNRkV4U2xCa2F6ZzFUMWhHVmxGcmNFTlVSbEpZV2xaSmVGWkZSUkFC4AEA-gEECAAQFg!16s%2Fg%2F11h6nq14kr?entry=ttu&g_ep=EgoyMDI2MDYyMy4wIKXMDSoASAFQAw%3D%3D",0x99673adbe8473b:0xbc9b233ad33e2c6f
Informatize Informática - Filial,"Av. Gov. Amaral Peixoto, 34 - Loja 22 - Centro, Nova Iguaçu - RJ, 26220-070",21) 2668-3735,,https://www.instagram.com/gjinformaticarj?igsh=dDE1YXJ0ZGpuaGpo,,Assistência de impressoras,Assistência de impressoras,True,http://www.informatizeinformatica.com.br/,5.0,,"Nova Iguaçu, RJ",Centro,"https://www.google.com/maps/place/Informatize+Inform%C3%A1tica+-+Filial/@-22.7581281,-43.5878451,12z/data=!4m10!1m2!2m1!1sassistencia+de+impressoras+em+Nova+Igua%C3%A7u,+RJ!3m6!1s0x996700e4a24135:0x611fff7c7b9bd33c!8m2!3d-22.759919!4d-43.4479903!15sCi5hc3Npc3RlbmNpYSBkZSBpbXByZXNzb3JhcyBlbSBOb3ZhIElndWHDp3UsIFJKWi8iLWFzc2lzdGVuY2lhIGRlIGltcHJlc3NvcmFzIGVtIG5vdmEgaWd1YcOndSByapIBDmNvbXB1dGVyX3N0b3JlmgEjQ2haRFNVaE5NRzluUzBWSlEwRm5TVVIxY0hCeVNVaEJFQUXgAQD6AQQIQRAd!16s%2Fg%2F11cmbhpgsf?entry=ttu&g_ep=EgoyMDI2MDYyMy4wIKXMDSoASAFQAw%3D%3D",0x996700e4a24135:0x611fff7c7b9bd33c
AllTech Impressoras,"R. Dr. Thibau, 80 - lj 27 - Centro, Nova Iguaçu - RJ, 26255-160",Rotas,,https://www.instagram.com/gjinformaticarj?igsh=dDE1YXJ0ZGpuaGpo,,Assistência de impressoras,Assistência de impressoras,True,http://www.alltechnet.com.br/,5.0,,"Nova Iguaçu, RJ",Centro,"https://www.google.com/maps/place/AllTech+Impressoras/@-22.7581281,-43.5878451,12z/data=!4m10!1m2!2m1!1sassistencia+de+impressoras+em+Nova+Igua%C3%A7u,+RJ!3m6!1s0x99678b28a51d15:0xd0e5b0da6f9465bc!8m2!3d-22.7598098!4d-43.4543196!15sCi5hc3Npc3RlbmNpYSBkZSBpbXByZXNzb3JhcyBlbSBOb3ZhIElndWHDp3UsIFJKkgEUaW5mb3JtYXRpb25fc2VydmljZXPgAQA!16s%2Fg%2F11swxbj9mk?entry=ttu&g_ep=EgoyMDI2MDYyMy4wIKXMDSoASAFQAw%3D%3D",0x99678b28a51d15:0xd0e5b0da6f9465bc
Recarga Mix,"ProinfoRJ SHOPPING DE INFORMATICA Av. Governador Roberto Silveira,447 - Stand:64 RUA: Raul de Oliveira Rodrigues 27 stand26 São João de Meriti - Centro, São João de Meriti - RJ, 26210-210",Rotas,,https://www.instagram.com/gjinformaticarj?igsh=dDE1YXJ0ZGpuaGpo,,Assistência de impressoras,Assistência de impressoras,False,,4.4,,"Nova Iguaçu, RJ",Centro,"https://www.google.com/maps/place/Recarga+Mix/@-22.7581281,-43.5878451,12z/data=!3m1!5s0x996460bcdeb2cf:0x38d6b644b0a58fd9!4m10!1m2!2m1!1sassistencia+de+impressoras+em+Nova+Igua%C3%A7u,+RJ!3m6!1s0x156190c4c3898a1:0x4b1971bb31e35cb3!8m2!3d-22.8033876!4d-43.3718668!15sCi5hc3Npc3RlbmNpYSBkZSBpbXByZXNzb3JhcyBlbSBOb3ZhIElndWHDp3UsIFJKkgEWcHJpbnRlcl9yZXBhaXJfc2VydmljZeABAA!16s%2Fg%2F11b7hndntl?entry=ttu&g_ep=EgoyMDI2MDYyMy4wIKXMDSoASAFQAw%3D%3D",0x996460bcdeb2cf:0x38d6b644b0a58fd9
Mitsukawa Brasil Comercial - Locação de Impressoras e Computadores,"R. Tupinambás, 30 - Moquetá, Nova Iguaçu - RJ, 26285-490",21) 99642-3270,21) 99642-3270,https://www.instagram.com/spaceltda,,Assistência de impressoras,Assistência de impressoras,True,http://www.mitsukawa.com.br/,4.7,,"Nova Iguaçu, RJ",Moquetá,"https://www.google.com/maps/place/Mitsukawa+Brasil+Comercial+-+Loca%C3%A7%C3%A3o+de+Impressoras+e+Computadores/@-22.746206,-43.5992546,12z/data=!4m10!1m2!2m1!1sassistencia+de+impressoras+em+Nova+Igua%C3%A7u,+RJ!3m6!1s0x9964f00ef46c81:0x332e3934b6e0a0b6!8m2!3d-22.746206!4d-43.455059!15sCi5hc3Npc3RlbmNpYSBkZSBpbXByZXNzb3JhcyBlbSBOb3ZhIElndWHDp3UsIFJKkgEQY29tcHV0ZXJfc2VydmljZeABAA!16s%2Fg%2F11clwphlg9?entry=ttu&g_ep=EgoyMDI2MDYyMy4wIKXMDSoASAFQAw%3D%3D",0x9964f00ef46c81:0x332e3934b6e0a0b6
MR Tecnologia,"Estrada Padre Roser, 63 - Loja - Vila da Penha, Rio de Janeiro - RJ, 21220-560",21) 3796-1496,,https://www.instagram.com/spaceltda,,Assistência de impressoras,Assistência de impressoras,True,https://linktr.ee/mrtecnologia,4.6,,"Nova Iguaçu, RJ",Vila da Penha,"https://www.google.com/maps/place/MR+Tecnologia/@-22.7785139,-43.4470054,12z/data=!4m10!1m2!2m1!1sassistencia+de+impressoras+em+Nova+Igua%C3%A7u,+RJ!3m6!1s0x997b5a8fb5fc5d:0x1cc661882e7bb40a!8m2!3d-22.8404801!4d-43.3137332!15sCi5hc3Npc3RlbmNpYSBkZSBpbXByZXNzb3JhcyBlbSBOb3ZhIElndWHDp3UsIFJKWi8iLWFzc2lzdGVuY2lhIGRlIGltcHJlc3NvcmFzIGVtIG5vdmEgaWd1YcOndSByapIBEmNvbW1lcmNpYWxfcHJpbnRlcpoBJENoZERTVWhOTUc5blMwVkpRMEZuVFVSSkxXTnFNVGxCUlJBQuABAPoBBAgvEEM!16s%2Fg%2F11clwfgj3l?entry=ttu&g_ep=EgoyMDI2MDYyMy4wIKXMDSoASAFQAw%3D%3D",0x997b5a8fb5fc5d:0x1cc661882e7bb40a
Lainfotec Distribuidora - Conquistando Novos Parceiros,"Rua Brás Augusto, 164 - Santa Eugenia, Nova Iguaçu - RJ, 26286-110",21) 2669-9423,,https://www.instagram.com/gjinformaticarj?igsh=dDE1YXJ0ZGpuaGpo,,Assistência de impressoras,Assistência de impressoras,True,https://linktr.ee/lainfotec,4.6,,"Nova Iguaçu, RJ",Santa Eugenia,"https://www.google.com/maps/place/Lainfotec+Distribuidora+-+Conquistando+Novos+Parceiros/@-22.746206,-43.5992546,12z/data=!4m10!1m2!2m1!1sassistencia+de+impressoras+em+Nova+Igua%C3%A7u,+RJ!3m6!1s0x9967a19b0cfdb1:0x7a54a643aa0e4fc3!8m2!3d-22.749052!4d-43.462457!15sCi5hc3Npc3RlbmNpYSBkZSBpbXByZXNzb3JhcyBlbSBOb3ZhIElndWHDp3UsIFJKWi8iLWFzc2lzdGVuY2lhIGRlIGltcHJlc3NvcmFzIGVtIG5vdmEgaWd1YcOndSByapIBDmNvbXB1dGVyX3N0b3JlmgEkQ2hkRFNVaE5NRzluUzBWSlEwRm5TVVI2TFV4RWJGOUJSUkFC4AEA-gEECAAQEA!16s%2Fg%2F11b7xg34l4?entry=ttu&g_ep=EgoyMDI2MDYyMy4wIKXMDSoASAFQAw%3D%3D",0x9967a19b0cfdb1:0x7a54a643aa0e4fc3
Mult Serv Guadalupe,"Av. Brasil, 22895 - Guadalupe, Rio de Janeiro - RJ, 21670-000",21) 98165-0691,21) 98165-0691,https://www.instagram.com/gjinformaticarj?igsh=dDE1YXJ0ZGpuaGpo,,Assistência de impressoras,Assistência de impressoras,True,https://wa.me/message/VXLYAT4QK64PI1,5.0,,"Nova Iguaçu, RJ",Guadalupe,"https://www.google.com/maps/place/Mult+Serv+Guadalupe/@-22.746206,-43.5992546,12z/data=!4m10!1m2!2m1!1sassistencia+de+impressoras+em+Nova+Igua%C3%A7u,+RJ!3m6!1s0x99633f6cec184d:0xc7609dbd60c3a049!8m2!3d-22.8444334!4d-43.3756212!15sCi5hc3Npc3RlbmNpYSBkZSBpbXByZXNzb3JhcyBlbSBOb3ZhIElndWHDp3UsIFJKWi8iLWFzc2lzdGVuY2lhIGRlIGltcHJlc3NvcmFzIGVtIG5vdmEgaWd1YcOndSByapIBHWNvbXB1dGVyX3N1cHBvcnRfYW5kX3NlcnZpY2VzmgEkQ2hkRFNVaE5NRzluUzBWSlEwRm5TVU4xTUhSaVVHcFJSUkFC4AEA-gEECCMQFA!16s%2Fg%2F11spp67t5l?entry=ttu&g_ep=EgoyMDI2MDYyMy4wIKXMDSoASAFQAw%3D%3D",0x99633f6cec184d:0xc7609dbd60c3a049
Cdx 7 Comercio e Serviços de Informatica e Multifuncional,"R. Jorn. Geraldo Rocha, 60 - Jardim Meriti, São João de Meriti - RJ, 25555-221",21) 2699-1277,,https://www.instagram.com/gjinformaticarj?igsh=dDE1YXJ0ZGpuaGpo,,Assistência de impressoras,Assistência de impressoras,False,,5.0,,"Nova Iguaçu, RJ",Jardim Meriti,"https://www.google.com/maps/place/Cdx+7+Comercio+e+Servi%C3%A7os+de+Informatica+e+Multifuncional/@-22.746206,-43.5992546,12z/data=!4m10!1m2!2m1!1sassistencia+de+impressoras+em+Nova+Igua%C3%A7u,+RJ!3m6!1s0x9965355596a29d:0x7a0cc2e404087659!8m2!3d-22.7782671!4d-43.3719799!15sCi5hc3Npc3RlbmNpYSBkZSBpbXByZXNzb3JhcyBlbSBOb3ZhIElndWHDp3UsIFJKWi8iLWFzc2lzdGVuY2lhIGRlIGltcHJlc3NvcmFzIGVtIG5vdmEgaWd1YcOndSByapIBGHRvbmVyX2NhcnRyaWRnZV9zdXBwbGllcpoBJENoZERTVWhOTUc5blMwVkpRMEZuU1VOd2FIVnliMmRSUlJBQuABAPoBBAgiECU!16s%2Fg%2F11j21b7s9q?entry=ttu&g_ep=EgoyMDI2MDYyMy4wIKXMDSoASAFQAw%3D%3D",0x9965355596a29d:0x7a0cc2e404087659
Novo ponto dos cartuchos,"R. São João Batista, 261 - Centro, São João de Meriti - RJ, 25515-520",21) 96497-6347,21) 96497-6347,https://www.instagram.com/gjinformaticarj?igsh=dDE1YXJ0ZGpuaGpo,,Assistência de impressoras,Assistência de impressoras,False,,4.7,,"Nova Iguaçu, RJ",Centro,"https://www.google.com/maps/place/Novo+ponto+dos+cartuchos/@-22.8029609,-43.5104718,12z/data=!4m10!1m2!2m1!1sassistencia+de+impressoras+em+Nova+Igua%C3%A7u,+RJ!3m6!1s0x9964f51078f9fb:0x512a155edfe7cabd!8m2!3d-22.8029609!4d-43.3662762!15sCi5hc3Npc3RlbmNpYSBkZSBpbXByZXNzb3JhcyBlbSBOb3ZhIElndWHDp3UsIFJKWi8iLWFzc2lzdGVuY2lhIGRlIGltcHJlc3NvcmFzIGVtIG5vdmEgaWd1YcOndSByapIBDmNvbXB1dGVyX3N0b3JlmgEkQ2hkRFNVaE5NRzluUzBWSlEwRm5TVU40ZEhabVZuVjNSUkFC4AEA-gEECAAQFQ!16s%2Fg%2F11c2qvgg27?entry=ttu&g_ep=EgoyMDI2MDYyMy4wIKXMDSoASAFQAw%3D%3D",0x9964f51078f9fb:0x512a155edfe7cabd
Maxin Pereira Reparo de Impressoras,"Av. dos Italianos, 629 - Rocha Miranda, Rio de Janeiro - RJ, 21540-020",21) 98122-6905,21) 98122-6905,https://www.instagram.com/spaceltda,,Assistência de impressoras,Assistência de impressoras,True,https://wa.me/5521981226905?partnertoken=eyJhbGciOiJFUzI1NiIsInR5cCI6IkpXVCJ9.eyJpc3MiOiJHb29nbGUiLCJ1cmwiOiJodHRwczovL3dhLm1lLzU1MjE5ODEyMjY5MDUiLCJleHAiOjE3Njg2NzYyMjIsImlhdCI6MTc2ODY3NTkyMn0.-7srFO1bAOi0QlHsJMlDFNpSvFaScioQa71bw0AOQHejifquD39OLr6bNVyJ1AdpDkFxuNrxcp93rPiVdCX2Qw,5.0,,"Nova Iguaçu, RJ",Rocha Miranda,"https://www.google.com/maps/place/Maxin+Pereira+Reparo+de+Impressoras/@-22.8029609,-43.5104718,12z/data=!4m10!1m2!2m1!1sassistencia+de+impressoras+em+Nova+Igua%C3%A7u,+RJ!3m6!1s0x996300288a047d:0xd1c0f6b38684796!8m2!3d-22.8491643!4d-43.3504126!15sCi5hc3Npc3RlbmNpYSBkZSBpbXByZXNzb3JhcyBlbSBOb3ZhIElndWHDp3UsIFJKWi8iLWFzc2lzdGVuY2lhIGRlIGltcHJlc3NvcmFzIGVtIG5vdmEgaWd1YcOndSByapIBFnByaW50ZXJfcmVwYWlyX3NlcnZpY2WaASRDaGREU1VoTk1HOW5TMFZKUTBGblRVTnZiMWxJWDJsUlJSQULgAQD6AQUIqgIQFg!16s%2Fg%2F11wj6fb3_2?entry=ttu&g_ep=EgoyMDI2MDYyMy4wIKXMDSoASAFQAw%3D%3D",0x996300288a047d:0xd1c0f6b38684796
Quem Reparos Eletrodomésticos,"R. José Hipólito de Oliveira, 78 - Centro, Nova Iguaçu - RJ, 26210-130",21) 2695-7767,5521964229894,https://instagram.com/quemreparosunamar?igshid=YmMyMTA2M2Y=,,Assistência de eletrodomésticos,Assistência de eletrodomésticos,False,https://instagram.com/quemreparosunamar?igshid=YmMyMTA2M2Y=,4.0,,"Nova Iguaçu, RJ",Centro,"https://www.google.com/maps/place/Quem+Reparos+Eletrodom%C3%A9sticos/@-22.7695368,-43.5141591,13z/data=!4m10!1m2!2m1!1sassistencia+de+eletrodomesticos+em+Nova+Igua%C3%A7u,+RJ!3m6!1s0x996700f53b8107:0xa10e58a022140259!8m2!3d-22.7590202!4d-43.4479464!15sCjNhc3Npc3RlbmNpYSBkZSBlbGV0cm9kb21lc3RpY29zIGVtIE5vdmEgSWd1YcOndSwgUkpaNCIyYXNzaXN0ZW5jaWEgZGUgZWxldHJvZG9tZXN0aWNvcyBlbSBub3ZhIGlndWHDp3UgcmqSAQ9hcHBsaWFuY2Vfc3RvcmWaAURDaTlEUVVsUlFVTnZaRU5vZEhsalJqbHZUMjVvTUdRd2RERk9iR3hIV2tWR2EyRnRiRkJVTVdSUlpWYzFORmxYWXhBQuABAPoBBAgAECA!16s%2Fg%2F1tdkc8qb?entry=ttu&g_ep=EgoyMDI2MDYyMy4wIKXMDSoASAFQAw%3D%3D",0x996700f53b8107:0xa10e58a022140259
Monitech Mult serviços,"Estr. Dr. Plínio Casado, 2393 - Parque Rosario, Nova Iguaçu - RJ, 26010-421",21) 96977-1773,21) 96977-1773,https://instagram.com/quemreparosunamar?igshid=YmMyMTA2M2Y=,,Assistência de eletrodomésticos,Assistência de eletrodomésticos,False,,4.9,,"Nova Iguaçu, RJ",Parque Rosario,"https://www.google.com/maps/place/Monitech+Mult+servi%C3%A7os/@-22.7695368,-43.5141591,13z/data=!4m10!1m2!2m1!1sassistencia+de+eletrodomesticos+em+Nova+Igua%C3%A7u,+RJ!3m6!1s0x996664388b5cd5:0x1756c34261d59d73!8m2!3d-22.7610173!4d-43.4201249!15sCjNhc3Npc3RlbmNpYSBkZSBlbGV0cm9kb21lc3RpY29zIGVtIE5vdmEgSWd1YcOndSwgUkpaNCIyYXNzaXN0ZW5jaWEgZGUgZWxldHJvZG9tZXN0aWNvcyBlbSBub3ZhIGlndWHDp3UgcmqSARhhcHBsaWFuY2VfcmVwYWlyX3NlcnZpY2WaASRDaGREU1VoTk1HOW5TMFZKUTBGblNVUkllV1ZQYVhkUlJSQULgAQD6AQQIABBE!16s%2Fg%2F11b7cdyynl?entry=ttu&g_ep=EgoyMDI2MDYyMy4wIKXMDSoASAFQAw%3D%3D",0x996664388b5cd5:0x1756c34261d59d73
"StarFrio Nova Iguaçu Refrigeração, Geladeira e Ar condicionado","R. Alexandre Rodrigues, 23 - Imperador, Nova Iguaçu - RJ, 26225-220",21) 99090-5185,21) 99090-5185,https://instagram.com/quemreparosunamar?igshid=YmMyMTA2M2Y=,,Assistência de eletrodomésticos,Assistência de eletrodomésticos,False,https://www.instagram.com/ricardo_starfrio?igsh=MXJ5anI0bjliNmVlYw==,5.0,,"Nova Iguaçu, RJ",Imperador,"https://www.google.com/maps/place/StarFrio+Nova+Igua%C3%A7u+Refrigera%C3%A7%C3%A3o,+Geladeira+e+Ar+condicionado/@-22.7695368,-43.5141591,13z/data=!4m10!1m2!2m1!1sassistencia+de+eletrodomesticos+em+Nova+Igua%C3%A7u,+RJ!3m6!1s0x996760ec07bb25:0xc9f75d0ade1336ef!8m2!3d-22.765005!4d-43.4325163!15sCjNhc3Npc3RlbmNpYSBkZSBlbGV0cm9kb21lc3RpY29zIGVtIE5vdmEgSWd1YcOndSwgUkpaNCIyYXNzaXN0ZW5jaWEgZGUgZWxldHJvZG9tZXN0aWNvcyBlbSBub3ZhIGlndWHDp3UgcmqSAR9haXJfY29uZGl0aW9uaW5nX3JlcGFpcl9zZXJ2aWNlmgEjQ2haRFNVaE5NRzluUzBWSlEwRm5TVVEzZEZCSFJVWlJFQUXgAQD6AQQIABBC!16s%2Fg%2F11w82mn0q4?entry=ttu&g_ep=EgoyMDI2MDYyMy4wIKXMDSoASAFQAw%3D%3D",0x996760ec07bb25:0xc9f75d0ade1336ef
A C Laureano Ventiladores,"Av. Nilo Peçanha, 1053 - Centro, Nova Iguaçu - RJ, 26215-511",21) 2668-3755,,https://instagram.com/quemreparosunamar?igshid=YmMyMTA2M2Y=,,Assistência de eletrodomésticos,Assistência de eletrodomésticos,False,,3.4,,"Nova Iguaçu, RJ",Centro,"https://www.google.com/maps/place/A+C+Laureano+Ventiladores/@-22.7695368,-43.5141591,13z/data=!4m10!1m2!2m1!1sassistencia+de+eletrodomesticos+em+Nova+Igua%C3%A7u,+RJ!3m6!1s0x996653a200e111:0xf52c577298319309!8m2!3d-22.7529243!4d-43.4437016!15sCjNhc3Npc3RlbmNpYSBkZSBlbGV0cm9kb21lc3RpY29zIGVtIE5vdmEgSWd1YcOndSwgUkpaNCIyYXNzaXN0ZW5jaWEgZGUgZWxldHJvZG9tZXN0aWNvcyBlbSBub3ZhIGlndWHDp3UgcmqSARhhcHBsaWFuY2VfcmVwYWlyX3NlcnZpY2WaASNDaFpEU1VoTk1HOW5TMFZKUTBGblNVTlNOblo2VUZoM0VBReABAPoBBAgAEBA!16s%2Fg%2F1tg_y9jq?entry=ttu&g_ep=EgoyMDI2MDYyMy4wIKXMDSoASAFQAw%3D%3D",0x996653a200e111:0xf52c577298319309
Tec-Top Assistência Técnica Especializada em Lava e Seca,"R. Cel. Bernardino de Melo, 2201 - sala 1703 - Centro, Nova Iguaçu - RJ, 26255-140",21) 2042-2652,,https://instagram.com/quemreparosunamar?igshid=YmMyMTA2M2Y=,,Assistência de eletrodomésticos,Assistência de eletrodomésticos,True,http://centraldalavaesecarj.com.br/,5.0,,"Nova Iguaçu, RJ",Centro,"https://www.google.com/maps/place/Tec-Top+Assist%C3%AAncia+T%C3%A9cnica+Especializada+em+Lava+e+Seca/@-22.7695368,-43.5141591,13z/data=!4m10!1m2!2m1!1sassistencia+de+eletrodomesticos+em+Nova+Igua%C3%A7u,+RJ!3m6!1s0x99672db329c323:0x7535c3a0f9b377b5!8m2!3d-22.7601399!4d-43.4525178!15sCjNhc3Npc3RlbmNpYSBkZSBlbGV0cm9kb21lc3RpY29zIGVtIE5vdmEgSWd1YcOndSwgUkpaNCIyYXNzaXN0ZW5jaWEgZGUgZWxldHJvZG9tZXN0aWNvcyBlbSBub3ZhIGlndWHDp3UgcmqSAR93YXNoZXJfYW5kX2RyeWVyX3JlcGFpcl9zZXJ2aWNlmgFEQ2k5RFFVbFJRVU52WkVOb2RIbGpSamx2VDJ0U2Vsb3laSGRYV0dSUVRGVndZVlZHV1hoU1dHeFZaVWRvVmxNd1JSQULgAQD6AQUIkgEQSA!16s%2Fg%2F11npv6s1m6?entry=ttu&g_ep=EgoyMDI2MDYyMy4wIKXMDSoASAFQAw%3D%3D",0x99672db329c323:0x7535c3a0f9b377b5
